:020000040800F2
:10000000E8640120AD0500087D6D00088F5A0008E6
:1000100053670008C5420008B585000800000000CD
:10002000000000000000000000000000B90300080C
:100030004943000800000000150400087D72000814
:10004000C7050008C7050008C7050008C705000860
:10005000C7050008C7050008ED04000805050008ED
:10006000C7050008C7050008C7050008C942000801
:10007000C7050008C7050008C7050008C705000830
:10008000C7050008C7050008C7050008C705000820
:10009000C7050008C7050008C7050008C705000810
:1000A000C7050008C7050008C7050008C705000800
:1000B000C7050008C7050008F1740008C705000857
:1000C000C7050008C7050008C7050008C7050008E0
:1000D000C7050008E5750008C7050008C705000842
:1000E000C7050008C705000800000000C705000894
:1000F000C7050008C7050008C7050008C7050008B0
:10010000C7050008C7050008C7050008C70500089F
:10011000C7050008C705000815750008C7050008D1
:10012000C7050008C7050008C7050008C70500087F
:10013000C7050008C7050008C7050008C70500086F
:1001400000000000000000000000000000000000AF
:10015000C7050008C7050008C7050008C70500084F
:10016000C7050008C7050008C7050008C70500083F
:10017000C7050008696F0008C705000800000000F7
:10018000C7050008C7050008C7050008C70500081F
:10019000C7050008C7050008C7050008C70500080F
:1001A000C7050008C7050008C7050008C7050008FF
:1001B000C7050008C7050008C7050008C7050008EF
:1001C000C7050008C7050008C7050008C7050008DF
:1001D000C7050008C7050008C7050008C7050008CF
:1001E000C7050008C7050008C7050008C7050008BF
:1001F000C7050008C7050008C7050008C7050008AF
:10020000C7050008C7050008C7050008C70500089E
:10021000C7050008C7050008C7050008C70500088E
:10022000C7050008C7050008C70500080000000052
:10023000C7050008C705000800000000C705000842
:10024000C7050008C7050008C7050008C70500085E
:10025000C7050008C7050008C7050008C70500084E
:10026000C7050008C7050008C7050008C70500083E
:10027000C7050008C7050008C70500080000000002
:10028000C7050008C7050008C705000800000000F2
:1002900000000000C705000800F002F800F07DF83B
:1002A0000AA090E8000C82448344AAF10107DA45D1
:1002B00001D100F072F8AFF2090EBAE80F0013F0A6
:1002C000010F18BFFB1A43F001031847ACA400004C
:1002D000DCA400000A444FF0000C10F8013B13F0BE
:1002E000070408BF10F8014B1D1108BF10F8015B8F
:1002F000641E05D010F8016B641E01F8016BF9D182
:1003000013F0080F1EBF10F8014BAD1C0C1B09D1D8
:100310006D1E58BF01F801CBFAD505E014F8016B4A
:1003200001F8016B6D1EF9D59142D6D370470000DC
:100330000023002400250026103A28BF78C1FBD8EE
:10034000520728BF30C148BF0B60704766290AF0CA
:10035000DD80642900F07E81752900F07B8100201A
:1003600070471FB50AF0CAF89DE8030002F0DAF8FA
:1003700001F0C6F90400002000210AF0A1F8401C99
:100380006060002000210AF085F8E06001F096FC32
:100390001FBD10B501F0FBFC10BD01F04DFD114675
:1003A000FFF7DFFF08F092FB02F090F803B4FFF7CD
:1003B000F0FF03BC02F03CFA2C4B19680868B0E867
:1003C000F04F80F30988BFF36F8F4FF0000080F388
:1003D000118870470000000008480068006880F33A
:1003E00008884FF0000080F3148862B661B6BFF34E
:1003F0004F8FBFF36F8F00DF00BF00BF08ED00E03D
:10040000DFF80C00016841F470010160704700BF23
:1004100088ED00E0EFF30980BFF36F8F134B1A688C
:100420001EF0100F08BF20ED108A20E9F04F106079
:1004300009B44FF0500080F31188BFF34F8FBFF322
:100440006F8F09F07FFA4FF0000080F3118809BC2C
:1004500019680868B0E8F04F1EF0100F08BFB0EC44
:10046000108A80F30988BFF36F8F704794000020D3
:10047000EFF30580704700000246D2E84F0F411CA1
:10048000C2E8431F03B1F8E77047024652E8000F85
:10049000411C42E8001303B1F8E77047024652E8F6
:1004A000000F42E8001303B1F9E77047024652E833
:1004B000000F830103D3BFF32F8F0020704700F09C
:1004C0000040084342E8000303B1F0E770470246EA
:1004D00052E8000F800103D2BFF32F8F0020704736
:1004E00042E8001303B1F3E701207047012010B583
:1004F00005F0F0FB002804D04FF0B0410120C1F816
:10050000880010BD1FB54FF0B042002100910220BD
:10051000D2F88830984332D10220C2F888001D48B2
:100520001D4C0269022090432AD003F04DFD1C4867
:100530001A4A111D03785958D8B2D35889B2D1F547
:10054000806123F0010313500ED0154A5069D2691F
:1005500003920190207800238DF804006A460291EE
:1005600001A9606809F022FC0098002807D00D4915
:100570004FF080500860BFF34F8FBFF36F8F1FBDE8
:10058000217003F00DFD08484FF4806103F044F939
:100590001FBD00000010025884000020000002402F
:1005A00094A6000804ED00E00000003009488047F0
:1005B00009480047FEE7FEE7FEE7FEE7FEE7FEE745
:1005C000FEE7FEE7FEE7FEE704480549054A064B5D
:1005D000704700001574000899020008E8580120CF
:1005E000E8640120E85C0120E85C01200FB40449C4
:1005F00010B503AA029800F08FFD10BC5DF814FB43
:100600003417012070B5044685690068C10601D51C
:10061000302600E02026C00707D070BDD4E90121B4
:1006200030469047206A401C20626D1EF6D570BD92
:1006300070B5044685690078C00707D170BDD4E95C
:10064000012120209047206A401C20626D1EF6D5B3
:1006500070BD00002DE9F0410646002410687529A0
:10066000314616A510D0AFF30080002802DA4042D0
:1006700013A507E031688A0701D512A502E04907F2
:1006800004D511A5012401E0AFF3008000210A2266
:1006900006F1240709E0B0FBF2FCB0FBF2F302FB29
:1006A0001C00303078541846491C0028F3D12346EA
:1006B0002A463046BDE8F04100F0C5BA000000000F
:1006C0002D0000002B000000200000002DE9F04765
:1006D0004FF0000A89460446C0F820A02046E16891
:1006E0008847002876D0252806D0D4E901219047F4
:1006F000206A401C2062F1E7E16820460026884716
:10070000C4F81CA005460027C4F818A02A2D09D05B
:10071000284608F001F938B304EB8708303DC8F8E3
:10072000185019E059F8041B204604EB8702916128
:10073000E1688847012F054618D1E069002820DAD2
:1007400026F020061DE0D8F8180000EB800005EB2D
:1007500040003038C8F818002046E1688847054650
:1007600008F0DAF80028EED1012F0AD02E2D08D19A
:100770002046E16888477F1C0546022F46F0200688
:10078000C4DBA069002803DA404246F00106A061FC
:10079000F00701D026F010066C2D0AD0682D08D085
:1007A0004C2D39D06A2D35D0742D35D07A2D33D0DB
:1007B00016E0E1682F4620468847B84205460AD130
:1007C0006C2F27D04FF48060E168064320468847AD
:1007D000054605E027E06C2F1AD04FF480700643E1
:1007E0000DB3A5F14100192802D8203546F4006662
:1007F0004A462946204626604E46FFF7A7FD80B1AF
:1008000001280BD0F61D26F0070000F1080965E766
:100810004020E4E78020D7E70020D5E706F104096F
:100820005CE7284661E7206ABDE8F0870FB400B5B1
:100830008DB010A9099000910B904FF0FF300A90F5
:1008400000200C90064878440690064878446A4692
:1008500007900F9909A800F001FF0DB05DF814FB97
:10086000330E00004B0E00002DE9FF5F1D464FF0D8
:10087000FF3B91464FF000085F46D5E90146A96964
:1008800001987F1C8847296A824688470028F6D14C
:10089000BAF1FF3F0CD0002E24F4C06419DD6006CD
:1008A00014D5BAF12B0F09D0BAF12D0F0ED103E0F8
:1008B000584604B0BDE8F09F44F48064A9690198EB
:1008C0007F1C8847761E8246002E02DDBAF1300F6B
:1008D00003D0B9F1000F26D032E0A969761E019845
:1008E0007F1C44F400748847002E824605DDBAF16F
:1008F000780F06D0BAF1580F03D0B9F1000F10D01D
:100900001EE0B9F1000F02D0B9F1100F18D1A9699A
:10091000761E01987F1C24F40074884782461020BC
:1009200002E0082000E00A20814609E0A96908FBEE
:100930000908761E01987F1C44F40074884782469B
:10094000002E05DD4946504600F0F8FB0028EDDAA0
:10095000E96901988847A00502D46FF00100A8E773
:10096000E00725D1600613D5600502D5C8F1000067
:1009700000E0404629680A1D2A600968220501D561
:10098000087015E0220701D5088011E008600FE02B
:100990002868011D29600068210502D580F80080C3
:1009A00006E0210702D5A0F8008001E0C0F8008031
:1009B00038467EE700F082BE401ECAB210F8011F22
:1009C0008A4202D00029F9D10020704730B505468F
:1009D0000B462A4613F8014B12F8010B08B1A0424E
:1009E000F8D01CB1002802D06D1CF1E7284630BDBC
:1009F000032A40F2308010F0030C00F0158011F84B
:100A0000013BBCF1020F624498BF11F801CB00F822
:100A1000013B38BF11F8013BA2F1040298BF00F876
:100A200001CB38BF00F8013B11F0030300F0258033
:100A3000083AC0F0088051F8043B083A51F804CB5A
:100A4000A0E80810F5E7121D5CBF51F8043B40F820
:100A5000043BAFF30080D20724BF11F8013B11F82B
:100A600001CB48BF11F8012B24BF00F8013B00F86F
:100A700001CB48BF00F8012B704710B5203AC0F0F9
:100A80000B80B1E81850203AA0E81850B1E818508F
:100A9000A0E81850BFF4F5AF5FEA027C24BFB1E8CC
:100AA0001850A0E8185044BF18C918C0BDE810403D
:100AB0005FEA827C24BF51F8043B40F8043B08BF46
:100AC0007047D20728BF31F8023B48BF11F8012B0D
:100AD00028BF20F8023B48BF00F8012B704702F006
:100AE000FF0343EA032242EA024200F002B84FF059
:100AF00000020429C0F0128010F0030C00F01B80EB
:100B0000CCF1040CBCF1020F18BF00F8012BA8BFF8
:100B100020F8022BA1EB0C0100F00DB85FEAC17CBC
:100B200024BF00F8012B00F8012B48BF00F8012B6F
:100B300070474FF0000200B51346944696462039A0
:100B400022BFA0E80C50A0E80C50B1F12001BFF486
:100B5000F7AF090728BFA0E80C5048BF0CC05DF8EC
:100B600004EB890028BF40F8042B08BF704748BF3A
:100B700020F8022B11F0804F18BF00F8012B7047AE
:100B800010B5044610F0030F08BF11F0030F40F03A
:100B900015804FF0013E121FC0F20E8051F8043B49
:100BA000A3EB0E0C2CEA030C1CEACE1C08BF40F889
:100BB000043BF0D0A1F1040102F10402521E08DB53
:100BC00011F8013B002B00F8013BF7D11146FFF76C
:100BD0008EFF204610BD00004FF0013C50F8042B62
:100BE00051F8043B9A4215D1A2EB0C03934313EA4C
:100BF000CC130BD150F8042B51F8043B9A4209D185
:100C0000A2EB0C03934313EACC13E7D04FF00000A0
:100C1000704700BFD01A01BAB1FA81F101F0180192
:100C200022FA01F0CB40C1F12001DBB2C0B2C01A00
:100C30002CFA01F3D11A914311EAC311E6D170479E
:100C40007047704770472DE9F0470D469946924628
:100C5000044600F124080168880604D5E06921F003
:100C60001001216000E00120A84201DD471B00E0E7
:100C70000027A1697A1902EB0900081AA0612078FF
:100C8000C00602D42046FFF7BDFC002608E0D4E9E8
:100C900001211AF806009047206A401C761C206249
:100CA0004E45F4DB2078C0060AD52046FFF7AAFCA3
:100CB00006E0D4E9012130209047206A401C2062E0
:100CC000381EA7F10107F4DC07E0D4E9012118F888
:100CD00005009047206A401C2062281EA5F10105EE
:100CE000F3DC2046FFF7A4FC2078000602D50220A2
:100CF000BDE8F0870120FBE770472DE9FF4F0C4668
:100D00001E464FF0FF378BB0D2E90001DDF860805E
:100D10000A908A46C1F30A5505B93D4600210846A6
:100D20004FF00000BAF1000F00F4400005DA00EBCC
:100D300080004FF4400101EA50004FEA9059B9F1A8
:100D4000010F00DDB9460A9850EA4A000ED044F679
:100D50001050A5F2FF3545432F14B8F1000F1ED0F7
:100D60007542291E1EDDC9F100021CE0B8F1010F19
:100D70004FF0000001D0302103E0F24305E02154A0
:100D8000401CB042FBDB30460022002121540B996D
:100D9000C1F80880C1E900200FB0BDE8F08FBD1B8D
:100DA0006D1CDEE74A4600DA694206A800F010FF33
:100DB00006AB93E8070003AB83E8070050460A99A7
:100DC00001F0CEFD8DE80700A0F500501F3800901F
:100DD0000398002D0ADD42F21F014A460844002311
:100DE00003A90390684602F079F809E0A0F50050E5
:100DF0004A461F38002303A90390684602F098F87A
:100E00008DE807000004000C03D04FF0FF304108CC
:100E100000E01046B8F1000F03D000220092154602
:100E20001EE0751E05D400F073FC303262556D1E55
:100E3000F9D5B3460122084302D000227F1C04E00A
:100E40002078302801D100227F1E002A099784D003
:100E50001DE0112D07DA00F05BFC303262556D1C8D
:100E600050EA0102F5D1084302D00098C8B10EE063
:100E70000021681E05E0235C625C63542254401E1E
:100E8000491C8142F7DBAB46A81B401E099000209D
:100E900004F80B000B98099AC0F80880C0E9002BF1
:100EA0007AE711264FF0000857E72DE9F04F884602
:100EB0000446D21D22F0070191B0D1E90001CDE92D
:100EC0000A0107F078FB02460B98C00F01D02D20D5
:100ED00007E02068810701D52B2002E0202101EAEC
:100EE000C000032A099001D0072A05DB03464146CA
:100EF000204600F073FC0BE12078800601D5E06904
:100F000000E00620B8F1650F814606D0B8F1660F03
:100F100018D0B8F1670F70D131E00020B9F1110F8E
:100F2000009001DB112301E009F101030AAA01A9E4
:100F30000CA8FFF7E2FEDDE90C70002609F10105BF
:100F4000834647E001204B4600904FF000470AAA35
:100F500001A90CA8FFF7D1FEDDE90DB00C995D46A3
:100F6000002610B909F101000D18B9EB050003D4F2
:100F7000C0F1FF3609F10105A5EB09002BE0B9F13D
:100F8000010F01DA4FF001090020B9F1110F0090B3
:100F9000484601DD112300E003460AAA01A90CA876
:100FA000FFF7ABFEDDE90C704D4600268346207846
:100FB00000070AD4AB4500DA5D4601A8012D04DD27
:100FC000411911F8011C302907D04F4502DA17F1F9
:100FD000040F04DA012082460FE06D1EEEE7002FB9
:100FE00002DCED1B3E4403E0781CA84200DD7D1CC2
:100FF000B81B00F1010A4FF000472078000703D426
:10100000AA4501DB4FF0FF3A0021B7F1004F0DF187
:1010100043088DF8431024D002202B23002F01DA3F
:101020007F422D230A21021EA0F1010000DC5FB1E6
:1010300097FBF1FC97FBF1F201FB1C7C17460CF1CE
:10104000300C08F801CDEEE7A8F10100037021880B
:10105000090501D5452100E06521A0F1010800F84E
:10106000011C09980FA9A1EB0807FF1D00B1012081
:10107000411901EBEA70A1693844081A401EA061C9
:101080002078C00602D42046FFF7BCFA099828B1A0
:10109000D4E901219047206A401C20622078C006D4
:1010A00022D52046FFF7AEFA1EE0002E04DBB34542
:1010B00002DD01A8805D00E03020D4E901219047E5
:1010C000206A401C2062761CAAF101005FEA000A37
:1010D0000AD100F015FBC0680168405CD4E9012129
:1010E0009047206A401C2062281EA5F10105DCDC27
:1010F00007E0D4E9012118F8010B9047206A401C51
:101100002062381EA7F10107F3DC2046FFF790FAB2
:10111000032011B041E60000074B70B50D467B443B
:1011200000F049FB0446284600F0C4FD10B14FF022
:10113000FF3070BD204670BD0F7900003A2800D204
:10114000303820F02002412A01D3A2F13700884232
:1011500001D34FF0FF3070472DE9FF4F06468BB0AB
:101160000878FF2806D0491C2D2805D000244FF010
:10117000000908E000200CE00124F8E709EB8903EE
:10118000491C00EB43090878FF28F7D114B1C9F1D5
:1011900000008146107800252C46AA4629462D28B5
:1011A00001D02B2804D1521C2D2813D000208246B8
:1011B0008B461078FF280FD04FF0000C0A21521CEC
:1011C000A5FB017804FB018105FB0C11C5194BEB54
:1011D0000104EEE70120EAE7002108464FF0000095
:1011E000BAF1000F02D000EB80004008C0F3815735
:1011F000012F01DD4FF0FF370E9955EA040009EB8E
:1012000001080BD04FF0020918F5FA7F16DA4FEA01
:10121000CA70002F706008DD012007E04FEACA7035
:10122000C6E900B00FB0BDE8F08F0020306000F0DC
:101230006BFAC0F800901821084616E0B8F5FA7F5E
:1012400018DD002F02DAF748784401E0F6487844C8
:10125000D0E90010C6E9001040EACA70706000F0E2
:1012600053FAC0F80090142108460FB0BDE8F04FC3
:1012700009F049B9002108464FF00000B8F100011B
:10128000099002DAC7F1000200E03A4601DAC8F13B
:10129000000106A800F09CFC06AB93E8070003AB36
:1012A00083E8070044F23E005BEA040100905846E0
:1012B00004D144F21E012C465D460091210C090424
:1012C000014306D10099240444EA15442D04103941
:1012D000009104F07F41014306D10099240244EAC1
:1012E00015642D020839009104F07041014306D1C4
:1012F0000099240144EA15742D01091F009104F09E
:101300004041014306D10099A40044EA9574AD0020
:10131000891E009104F00041084304D100986D1922
:101320006441401E00904FF001033A466846B8F110
:10133000000FCDE9014503A902DD01F00EFE01E039
:1013400001F0E1FDBAF1000F04460D4601D084F032
:101350000044002108464FF00000099940F2FF7751
:10136000484010F00C0F07D124F00040284303D070
:10137000C4F30A50B84212D100F0C6F9C0F8009088
:10138000C4F30A50B8420AD1A8487844D0E9001002
:10139000C6E9001004F000410843706042E7C6E966
:1013A00000543FE72DE9FF4F1F464FF0000A4FF072
:1013B000FF38454691B0D7E90146CDF83CA000F092
:1013C0009FF9C0680168405C1090B96912986D1C63
:1013D0008847396A814688470028F6D1B9F1FF3F2E
:1013E0000AD0002E24F4D06411DDB9F12B0F08D0FF
:1013F000B9F12D0F0BD102E0404615B013E744F4CC
:101400008064B96912986D1C8847761E8146600514
:1014100004A901D52D2000E02B20002E01F1010BA5
:101420000DF130088DF810003FDDB9F1690F08D0DB
:10143000B9F1490F05D0B9F16E0F02D0B9F14E0FD5
:101440001CD13B4601A8009580E85002DDE912124C
:101450006FF0020009F0C0F8C11CCED10EE0B969EE
:1014600012986D1C884781461398761E44F40074C8
:1014700005600F98401C002E0F9016DDB9F1300F5B
:10148000EDD0B9F1780F02D0B9F1580F0DD10F9806
:1014900001280AD13B46CDE90054DDE91212001FB4
:1014A000029609F097F8C11CA7D1109989453ED141
:1014B00044F0800406E01399681CAAF1010A44F480
:1014C00000740860B9696D1C1298761E8847302830
:1014D0008146F0D02BE01099894505D1200603D430
:1014E000761E44F0800418E0484607F015FA08B369
:1014F000761E0DF123018B4544F4007408D2A9F146
:1015000030000BF8010B200607D5AAF1010003E01B
:10151000200602D40AF101008246A00502D51399E3
:10152000681C0860B96912986D1C88478146002EB6
:10153000D1DC53E0002E51DDB9F1650F02D0B9F1D5
:10154000450F4BD1A00549D5B9696D1C1298761E7F
:1015500024F440748847002E81460CDD2B2804D0EB
:10156000B9F12D0F07D144F48074B96912986D1C3C
:101570008847761E8146E00501D52D2100E02B210C
:1015800008F8011BCDF8008021E0761E0DF139012D
:10159000884544F400740CD2A9F1300010F0FF002B
:1015A00088F8000002D10099884509D908F101089E
:1015B00006E0E00501D51E4801E042F20F708246C8
:1015C000B96912986D1C8847814613980560002EF2
:1015D00004DD484607F0A0F90028D6D1F969129831
:1015E0008847FF2053468BF8000088F80000002051
:1015F0000A900B9004AA0CA90AA8FFF7ADFDA0055C
:1016000002D46FF00100F8E614F0240F12D0E007C6
:101610001CD13868DDE90A12031D3B600068C0E98F
:10162000001213E064950000569500001A94000023
:10163000F1D8FFFF0AA9684607F006F9E00705D1CF
:101640003868009A011D3960006802602846D4E6B7
:10165000026811441378016018467047D16005494B
:1016600079445161044979441162002111611146A4
:1016700000F0F4B8EDFFFFFF31010000426842B115
:10168000016811F8013B23B1521EC0E9001218464F
:1016900070470121C160881E704742685AB1C36813
:1016A000016843B983688B4205D0491E521CC0E9CA
:1016B0000012002070474FF0FF3070472DE9F041D5
:1016C00015460E46040002D12C6804B90BA420462E
:1016D00000F0A0FB0444207870B12746314638461C
:1016E00000F088FB0444207810B1002004F8010BBE
:1016F00038462C60BDE8F0810027F9E700000000C3
:1017000000487047FC17012000487047DC17012093
:1017100030B5B0F10A024FEA900E71F100034EEAC3
:10172000817EB0EB0E0061EB91014FEA101E4EEA94
:10173000017E10EB0E0041EB11114FEA102E4EEA24
:10174000016E10EB0E0041EB11214FEA104E4EEAF4
:10175000014E10EB0E0041EB1141401841F1000128
:101760004FEAD00040EA41704FEAD10110EB80050A
:101770004FEA810444EA907444EB01046D1944EB90
:101780000404521BA3414FF0000348BF0A3200D5A6
:1017900030BD401C41F1000130BD10B5044600F0E1
:1017A00071FB0068005D00F0010010BD01694A1C7A
:1017B00002610878704700B58FB0CDE90131002192
:1017C000059105497944CDE9031011466846FEF7B5
:1017D0007DFF0FB000BD0000E5FFFFFF2DE9F041E8
:1017E0001F46044603260168072A01F4006004DB53
:1017F00008B116A505E016A503E008B115A500E09F
:1018000015A521F010002060A069C01EA0610FB1D5
:10181000401EA0612046FEF7F5FE4FB1D4E901213C
:1018200038469047206A401C2062C01C206206E0B7
:10183000206AFAE7D4E9012115F8010B9047761EDA
:10184000F8D22046FEF7F4FEBDE8F0814E414E008E
:101850006E616E00494E4600696E66002DE9F34FD9
:101860004FF0000A0C4656468DB001200C9001F155
:101870000C000B9062690B9801219047051E2DD03A
:10188000252D2CD0216A8847C0B162690B980121AF
:101890009047216A88470028F7D16269411E0B985A
:1018A000904700E0761CA1690D988847216A884717
:1018B0000028F7D1E1690D988847DBE7A1690D9809
:1018C0008847A842074601D1761CD3E7E1690D9805
:1018D00088477F1C02D1BAF1000F6FD06CE16269BA
:1018E0000B9800273D46394690472A2804D1626963
:1018F0000B98012190470125DFF8D08262690B988F
:1019000001219047A0F130010A290AD24745E5DCC0
:1019100007EB870100EB4107303FDFD445F01005AE
:10192000ECE7E90601D46FF000476C280AD04C2898
:1019300014D0682815D06A280DD074281CD07A28B5
:101940001AD01DE062690B98012190476C2802D0E3
:1019500045F0040514E045F002050DE045F02005D2
:101960000AE062690B9801219047682802D045F08F
:10197000080505E045F4006562690B980121904770
:10198000C4E9015765283DD019DC58287AD00CDC11
:10199000452837D004DC252826D041289ED131E0C7
:1019A00046282FD0472899D12CE05B2877D0612892
:1019B00028D063287CD0642823D15AE0F7E06F2830
:1019C00048D008DC66281DD067281BD0692821D0A4
:1019D0006E2816D127E0702845D0732868D0752866
:1019E00047D078280DD14DE0A1690D98884725286A
:1019F00005463FF469AFE1690D9888476D1C3FF4D7
:101A00006AAFD9E00D9923466A466FF0010008F0ED
:101A1000DFFDC6E045F0400023464FF00002606065
:101A2000A80736D43EE0E8077FF447AF2068011DE1
:101A300021600068290501D506701BE7290701D53B
:101A4000068017E7A90703D5F117C0E9006111E780
:101A500006600FE745F0400023464FF00802606043
:101A6000A80716D41EE040F60E0125EA01006060CA
:101A700016E045F0400023464FF00A026060A807D8
:101A800007D40FE045F040006060A80708D5234662
:101A900010220D996FF00100AFF3008081E007E0A4
:101AA000102223460D996FF00100FEF7DDFE78E06D
:101AB0004FF0000963284F46C8464B46CB4602D03C
:101AC0005B2807D039E02079C00601D40120A0604E
:101AD000012732E06269D4F80CB00B9801219047DD
:101AE0005E2807D14FF0010949466269D4F80CB06D
:101AF0000B989047216939B900210A4603AB43F896
:101B00002120491C0829FADBD8B3216949B308F11F
:101B1000010862690B98012190475D28F4D1B9F161
:101B2000000F09D0002003A951F82020D24341F82A
:101B30002020401C0828F7DB03AB2069002820790F
:101B40004FEA40701ED05B462246CDF80080CDE9BA
:101B500001970D9900286FF0010020DAAFF30080A3
:101B60001FE0C11703AA00EBD1614B1121F01F0147
:101B700002EB8302411A136801208840034313607B
:101B8000C7E719E00D99224600286FF00100009781
:101B900002DAAFF3008004E0AFF3008001E0AFF3BE
:101BA000008000280ADA401C06D10C9820B14FF0C2
:101BB000FF300FB0BDE8F08F5046FAE7E90701D1DA
:101BC0000AF1010A064400200C9053E6CCCCCC0C60
:101BD0002DE9F047814616468AB0354878440DC84D
:101BE0008DE80D0032487844801C03AC0DC884E8B1
:101BF0000D0041F69B300844372190FBF1F290FB39
:101C0000F1F5A5F1800501FB12041B3C02D56442ED
:101C1000012000E00020DFF898A080460027FA4469
:101C2000AAF1BE0A0EE0E0070AD03246684607EB8A
:101C3000470101230AEB810101F07AF98DE80700E1
:101C400064107F1C002CEED1194F7F44AE3F19E089
:101C5000E80715D007EB04100DF1180A90E80E0004
:101C60008AE80E00C068F04201D198190890324607
:101C7000012306A903A801F05BF903AB83E8070081
:101C80006D10641C002DE3D14FF00103324669460C
:101C9000B8F1000F03A802D001F020F901E001F033
:101CA00047F9C9E90001C9F808200AB0BDE8F08782
:101CB000808B0000007B00F08000704710B5424828
:101CC0005421FEF736FF41485421FEF732FF4048C9
:101CD0005421FEF72EFF3F493B483C4A3F4B0860EA
:101CE0003D490A603A491960531C0365481C106558
:101CF000012008653B48344A39A1784400F04AFB8A
:101D000020B9384878440A3800F0E9FB37482F4AB0
:101D100035A1784400F03EFB20B9344878440A38B5
:101D200000F0DDFB32482A4A2FA1784400F032FB54
:101D300020B92F4878440A3800F0D1FB40232248CC
:101D4000DC000021224600F001FB20B12548784448
:101D5000543800F0C4FB1D4822464023002100F007
:101D6000F5FA20B121487844543800F0B8FB1848FF
:101D700022461023002100F0E9FA002806D01C4872
:101D80007844BDE81040563800F0A9BB10BD10489B
:101D900070B5006D20F001040B4800F071FB0B489A
:101DA00000F06EFB0A4800F06BFB09E0206D20F0AC
:101DB0000105204600F064FB204600F06BF82C463D
:101DC000002CF3D170BD0000E01601203417012073
:101DD0008817012024010020280100202C01002068
:101DE00072000000CE89000077000000BD8900006D
:101DF000AD89000030B503461D781DB10A4603E0E9
:101E0000AC4201D1181A30BD12F8014B002CF7D1A9
:101E10005B1CF1E730B503461D783DB10A4612F868
:101E2000014B1CB1AC42FAD15B1CF5E7181A30BD6E
:101E300000487047DC1701207546FFF7F9FFAE46F2
:101E400005006946534620F00700854618B020B5C6
:101E5000FEF7BAFBBDE820404FF000064FF0000748
:101E60004FF000084FF0000B21F00701AC46ACE842
:101E7000C009ACE8C009ACE8C009ACE8C0098D46AF
:101E80007047000010B5FFF73BFC001D10BD00BF00
:101E90003186000070B50446051F00F027FB00687E
:101EA000002C14BF446870BD002C18BFAC423CBF6E
:101EB00020466468F8D301680A18AA4218BF456032
:101EC00003D12A6805461144016028684119A142DE
:101ED0001CBF6C6070BD616869602168084428603F
:101EE00070BD10B5FFF710FC006810BD10B50446BA
:101EF000FFF70AFC046010BD2DE9FF4F1F464FF0AD
:101F00003C0987B04FF00042DDE9141001F10108EF
:101F1000DDF858A002EA4050039000200590834667
:101F2000054604460490B969461E08988847AAF1F8
:101F3000010A0290BAF1000F3BDD02982E2815D05D
:101F40001021FFF7FBF800282EDB4FF0010B05995D
:101F5000014317D0B9F1000F0BDB4A46C11700F05F
:101F60003FFB05430C43A9F1040905E0012004905F
:101F70000BE008B145F0010501200590049820B957
:101F8000361D02E0049800B1361FB969089808F1BF
:101F900001088847BBF1000FAAF1010A0290C9D0DD
:101FA0000999C1F80080C5E70298702808D0502828
:101FB00006D0F96908988847BBF1000F14D04FE0AC
:101FC000002002900120BBF1000F049009D0B969F4
:101FD000089808F101088847AAF10109B9F1000F32
:101FE00007DCF969089888476FF001000BB0BDE87D
:101FF000F08F2B2804D02D280CD14FF0FF30049007
:10200000B969089808F101088847A9F10109B9F1EF
:10201000000FE6DD411CE4D00A21FFF78FF800280D
:10202000DFDB029908F1010801EB810100EB4100BF
:102030000290B969089888470A21FFF77FF8099A42
:10204000A9F10109B9F1000FC2F8008001DD0028F3
:10205000E7DAF969089888470499029800FB016655
:1020600055EA040004D004F04041090002D006E023
:10207000039898E0A40044EA9574AD00B61E04F0FD
:102080000041080002D16D196441761E159810F0C8
:10209000240F03D04FF00B095C4803E04FF02809F0
:1020A0006FF07D008246564507DAAAEB06018944A7
:1020B000B9F1410F01DD4FF0410901200021A9F1E3
:1020C000010200F08DFA024628400B4621400843E9
:1020D00001D0012100E00021501E029143F1FF31A7
:1020E00028402140084301D0012000E0002002994F
:1020F000834651EA0B014FD0002108464FF0000003
:10210000039900F4400039B100EB80004FF4400126
:1021100000EBD07001EA60008015012802DD4FF06D
:10212000FF3000E013D0401C36D0029860B3BBF102
:10213000000F0CD14A460120002100F051FA28403E
:102140002140084301D0012000E00020E0B101203F
:102150004A46002100F044FA034640190A4661410C
:102160002D1A8C4111D3B9F1400F09DD159810F0EB
:10217000240F02D0AAF1340603E0AAF1170600E00A
:10218000761C00254FF0004406E05B1E42F1FF3252
:1021900020EA030521EA0204CAF10100B04206DA8E
:1021A0001B49039808430190002000900EE0039A19
:1021B000C4F3D321E80A0A43164940EA44500A43CB
:1021C0003146CDE90002684606F04AFB159810F04A
:1021D000240F0BD01598C00715D13868DDE900121F
:1021E000031D3B600068C0E900120CE002A86946CC
:1021F00006F02AFB1598C00705D13868029A011D20
:102200003960006802604046F0E6000002FCFFFF13
:102210000000F07F0000F03F2DE9FF4F92461D4681
:1022200085B04FF00041DDE9124BDDE914727F1EED
:1022300001EA4B50414940F0FF4940EA01080021C2
:1022400022F020004928049102D04E2828D04CE0EA
:102250003BA0012607C88DE80700A9690698641C01
:1022600088477F1E014606D41DF8060018B121F0EC
:10227000200181420BD0E96906988847032E34D0AB
:10228000082E32D06FF0010009B0BDE8F08F761C47
:10229000032E01D0082EE0D1601CCAF80000DCE754
:1022A000A9690698641C88477F1E2AD420F0200064
:1022B000412826D1A9690698641C88477F1E20D42E
:1022C00020F020004E281CD1A9690698641C88477C
:1022D0007F1E48F4002849F48009CAF8004001D460
:1022E000282806D0E969069888475FEACB7012D0A3
:1022F00022E0A9690698641C88477F1E01D4002843
:1023000003DAE96906988847BCE72928F1D1641CFB
:10231000CAF80040E9E71BF0240F07D028680499A9
:10232000031D2B600068C0E9001805E02868021D45
:102330002A600068C0F800902046A5E70000F07F02
:10234000494E46494E4954590000000070B5C468D2
:10235000A50713D0650211D4B2F5807F09D0B2F57C
:10236000007F06D0B2F5806F08D1012300F124016F
:1023700006E05D1E6FF07F46B54201D3012070BDBF
:102380000161C361416024F470611143C1600020A8
:1023900070BD00002DE9F0410C4607461646104678
:1023A00000F06EF82078611C61280AD0722802D0F3
:1023B00077283CD102E00125002405E00225042411
:1023C00002E0082448F2020511F8010B2B2806D080
:1023D000622809D011F8010C74280AD00BE045F0EE
:1023E000030544F00204EFE745F0040544F001045E
:1023F000EAE744F010043846214606F0B3FA411CDF
:1024000015D00021316171604FF40071F560F16108
:102410007061200704D530460222002100F0F4F854
:10242000306D40F0010030653046BDE8F08100209D
:10243000FBE72DE9F0410D460646104C206DC10723
:1024400004D0410804D020F00104F7E722460EE052
:10245000542000F096F807000ED0206D47F00101DF
:102460000843542120653846FEF763FB3A46294667
:102470003046BDE8F0418DE70020D6E7E0160120A8
:102480002DE9F04704464FF000094FF0FF37C568CB
:10249000D4E90486A80707D0204600F065F9304645
:1024A00006F041FA002802DA3846BDE8F087280530
:1024B00002D54046FFF7EEFC4C212046FEF739FBE3
:1024C000206D20F0010020654846EEE710B5044677
:1024D000AFF300802046BDE81040FDF767BF10B5A0
:1024E00000F08CF9BDE8104000F082B90048704758
:1024F000E4170120704770477047704738B50446AD
:102500000A4600206946AFF30080002808BF38BDA6
:1025100002460099204600F098F9012038BD0120BC
:1025200000F0E7B9F8B5AFF30080054600200C468F
:10253000102000BF0646A819A0420DD932466946B0
:102540000020AFF30080070008BF00F0D2F9009828
:10255000A04218BF0546C419FFF7C8FF056007462B
:10256000F01D20F007004619284600F067F9B44234
:1025700008BFF8BDA21B31463868BDE8F84000F03E
:1025800064B970B50646FFF7B1FF056806F10B00A8
:1025900020F00704B4429CBF002070BD2B466A683F
:1025A000BAB11068A04210D304F1080188423CBFC0
:1025B0005068586007D35168101941601168091BB1
:1025C000016058601460101D70BD13465268002AE7
:1025D000E7D121462846FFF791FF0028DED170BDE4
:1025E000B2F120030AD5C2F1200301FA02F120FA68
:1025F00003F300FA02F041EA0301704700FA03F125
:102600004FF00000704700002DE9F04104461646E7
:102610000D464769007B80072ED0384606F095F9B5
:1026200050BB3EB3012E02D0022E25D104E020463D
:1026300000F025F905441DE0384606F080F9E16810
:10264000002841F01001E16005DA204600F058F85A
:102650000120BDE8F081C9030BD56268E16A9142AF
:1026600000D81146A26911442269891A814200DD0D
:1026700008460544002D01DA0220EAE7E16A6068B5
:10268000E268814206D29103E06203D522F4003170
:1026900041F01002A6690027AE4213DCE16A8142D4
:1026A00001D90B4600E0034603EB060C2369ACEBB3
:1026B000030CAC4506DD814201D98C4600E084461E
:1026C0009C4505D1A760276042F02000A5620DE07F
:1026D000AD1BE669AE1B8142A66000D90846C01A50
:1026E000281A20605819606022F020000349084031
:1026F000E060002084F84870ABE70000BFCFD7FF50
:10270000C16821F4001141F08001C16000218160A5
:10271000016070472DE9F047814614460E464FF0A0
:10272000FF383248D5685769054209D03846A16953
:1027300006F046F9002811DB2C48C0430540E5604F
:102740002B4632464946384606F040F9A16920F04A
:102750000042B21A11440028A16103D02046FFF7BD
:10276000CFFF4046BDE8F08770B504460569C06AF2
:102770006168884200D80846E16821F42011E160D0
:10278000C90312D5A84208D02246411B2846FFF7AC
:10279000C1FF10B14FF0FF3070BD0020E562C4E909
:1027A0000150E06820F48030E060002070BD10B57A
:1027B0000446C06820F02000E060A16AA069884259
:1027C0000DD02046FFF7D0FFE06820F4405040F0E5
:1027D0001000E060A06AA0612069E062606044F2DD
:1027E0004001E0688843E06010BD00001000020076
:1027F000002801D000F01CB87047000010B5014659
:1028000002A000F05DF8012010BD000053494752BE
:10281000545245443A2052656469726563743A20A3
:1028200063616E2774206F70656E3A2000000000AF
:1028300001491820ABBEFEE726000200002101601E
:10284000C0E90110704710207047034640688C466D
:10285000002818BF88423CBF03464068F8D3186878
:102860001844884207D00CF1030020F00700001D37
:10287000411A521A0146081D0A60FFF70BBB10B53A
:102880000146C268900703D0900607D5886A0AE01F
:10289000FEF73AFF01210160881E10BD8B69486870
:1028A00018440B69C01A91F848301BB191F84910CF
:1028B000401A10BD1103FCD50028FADD401E10BDE2
:1028C00070B505460C460A2000E06D1C00F018F8B3
:1028D00035B128780028F8D102E0641C00F010F827
:1028E00014B120780028F8D1BDE870400A2000F02B
:1028F00007B810B500F00CF8BDE81040FFF778BF3E
:1029000008B569468DF800000320ABBE08BD7047CE
:1029100010B5012805D0002103A0FFF7D1FF012049
:1029200010BD09A1F8E7000053494752544D454DE9
:102930003A204F7574206F662068656170206D6560
:102940006D6F7279000000003A2048656170206D5B
:10295000656D6F727920636F727275707465640053
:102960005FEA400C08BF91F0000F4FEA8C234FEA5A
:10297000C12243EA51514FEA1C5018BF00F5F04004
:102980004FEA300018BF41F000415FEA6C5C00F094
:102990002980BCF1FF3F08BF40F080407047130C16
:1029A00006BF12044FF0100C4FF0000C130E04BFC2
:1029B00012020CF1080C130F04BF12010CF1040CED
:1029C000930F04BF92000CF1020CD30F04BF52000E
:1029D0000CF1010C11464FF00002A0F11F00A0EB1A
:1029E0000C00704711F0004F08BF704731F00041F4
:1029F0003FF4D5AF0B0C06BF09044FF0100C4FF09D
:102A0000000C0B0E04BF09020CF1080C0B0F04BFE5
:102A100009010CF1040C8B0F04BF89000CF1020CAE
:102A2000CB0F04BF49000CF1010CCCF12003A0EB4B
:102A30000C0022FA03F302FA0CF241EA030100F15E
:102A40000100704720F07F4C80EA030023F07F47AD
:102A5000ACEB070303F57C5300F0004003F1FF03E8
:102A60002DE980494FEA154B09B44FEA144325EA92
:102A70000B4E24EA03480FF2042606EB13274908FD
:102A80003E785FEA320203FB0667C7F5000707FBE3
:102A900006F64FEA54374FEAD64606F1020607FB20
:102AA000066CCCF1005C4FEA1C472CEA074C07FB94
:102AB00006F40CFB06F504EB15464FEA961634BFF8
:102AC00000204FF000404FEAD13706FB07FC4FEAE9
:102AD0001C4C0CFB0BF7D21B03FB0CF761EB070143
:102AE0000CFB0EF7B0EB074072EB17420CFB08F73C
:102AF00034BFA2EB0742B2EB074261EB17414FEA4A
:102B00000C444FEA910706FB07FC4FEA1C4C0CFBF8
:102B10000BF7B0EBC74072EB573203FB0CF734BF37
:102B2000A2EBC742B2EBC74261EB57310CFB0EF789
:102B3000B0EBC70072EB57720CFB08F734BFA2EB87
:102B4000C702B2EBC70261EB5771039F4FEA816185
:102B500041EA921104EBCC044FEAD1374FEA82628A
:102B600006FB07FC42EA90124FEA80604FEA1C4CD9
:102B70000CFB0BF7D21B03FB0CF761EB07010CFB03
:102B80000EF7B0EB074072EB17420CFB08F734BFAF
:102B9000A2EB0742B2EB074261EB17414FEA8C55BB
:102BA0004FEA910704EB9C2406FB07FC4FEA1C4C00
:102BB0000CFB0BF7B0EBC74072EB573203FB0CF783
:102BC00034BFA2EBC742B2EBC74261EB57310CFBFB
:102BD0000EF7B0EBC70072EB57720CFB08F734BF6F
:102BE000A2EBC702B2EBC70261EB577115EB4C25A4
:102BF0004FEA816141EA92114FEA82624FEAD1378E
:102C000042EA901206FB07FC44F100044FEA8060A0
:102C10004FEA1C4C0CFB0BF7D21B03FB0CF761EBD0
:102C200007010CFB0EF7B0EB074072EB17420CFBF1
:102C300008F734BFA2EB0742B2EB074261EB174142
:102C400015EB1C154FEA813141EA92414FEA82327D
:102C500042EA90424FEA80304FEA0C7644F1000499
:102C600048EA03434EEA0B484FF0000EB2EB080C63
:102C700071EB030724BF624639464EEB0E0E4FF050
:102C8000000B0018524149414BEB0B0BB2EB080C07
:102C900071EB03077BF1000B24BF624639464EEB14
:102CA0000E0E4FF0000B0018524149414BEB0B0B3D
:102CB000B2EB080C71EB03077BF1000B24BF6246FB
:102CC00039464EEB0E0E51EA020718BF46F00106D8
:102CD00016EB0E7655F1000254F1000103D5BDE864
:102CE0008901BDE80088BDE88901BDE80048B61942
:102CF000524141EB0101A3F10103704780807F7EC7
:102D00007D7C7B7A79787776767574737271717061
:102D10006F6E6E6D6C6C6B6A6A6968686766666513
:102D20006464636362616160605F5F5E5E5D5D5CA1
:102D30005C5B5B5A5A595958585757565655555512
:102D40005454535352525251515050504F4F4F4E72
:102D50004E4D4D4D4C4C4C4B4B4B4A4A4A494949C0
:102D60004848484747474746464645454544444402
:102D700044434343434242424241414146EA0646BC
:102D8000A3F570534FEA164646EA42564FEAD2225E
:102D900042EA415210B54FEAD121A3F1010300F0FC
:102DA0002FF820F0004000F1020C00F0004701EB8A
:102DB00000501146BCF5006F40EA070000D210BD7C
:102DC000BAF1000F0AD01CB503B44FF004004FF065
:102DD00004014FF000000FBCBDE810404FF00001AF
:102DE000BBF1010FB9BF04484FF0FF310348002188
:102DF00040EA070010BD00BFFFFFEF7F0000F07F3B
:102E0000002B9C4630D477002BD01CB54FEA3707F7
:102E100003B44FF010004FF01001BAF1000F06D0CC
:102E2000BCF1000FDCBF40F0080040F008014FF09B
:102E300000000FBCBDE810400BF1010BBBF1010F0E
:102E400008BF5FEA170722BF12F1010211F1010169
:102E50004FF0004143F1000300F0004043EA00005E
:102E60007047F9D35708D0E746EA064613F1400FFA
:102E70004FEA16461FDD13F1200FDFBF16430A4647
:102E8000002120335B42BED0C3F1200746EA06464C
:102E900002FA07F74FEA164646EA0706C3F120078B
:102EA00022FA03F201FA07F721FA03F14FF00003C7
:102EB00042EA0702A7E746EA020646EA06464FEA62
:102EC000164646EA0106BCBF46EA0646360C4FF0F7
:102ED00000034FF000024FF0000194E72DE9804C11
:102EE0009A46934670B491E8380007C831EA400C1E
:102EF00048BF34EA430C03D5FFF7A4FDFFF780FF7A
:102F0000F0BCBDE8008C2DE9804C9A46934670B425
:102F100091E8380007C831EA400C48BF34EA430C56
:102F200003D5FFF78FFDFFF729FFF0BCBDE8008C4C
:102F30002DE9804C9A46934670B491E8380007C852
:102F400010F0804F08BF13F0804F03D100F01AF843
:102F5000FFF756FFF0BCBDE8008C2DE9804C9A4687
:102F6000934670B491E8380007C810F0804F08BF4E
:102F700013F0804F03D100F005F8FFF7FFFEF0BC1F
:102F8000BDE8008C20F07F4780EA030023F07F4CEF
:102F900007EB0C03A3F57C5300F00040A3F1FE0304
:102FA00092F0000F00F0B38095F0000F00F07780F2
:102FB0002DE901494FEA11404FEA144621EA004841
:102FC00000FB06FC24EA064708FB06F607FB08F8A8
:102FD00000FB07F718EB06484CEB164C4FEA124B78
:102FE00018EB07484FEA15464CEB174022EA0B4E08
:102FF0000BFB06FC25EA06470EFB06F607FB0EFE5A
:103000000BFB07F71EEB064E4CEB164C4FF0000681
:103010001EEB074E4CEB174B18EB0B0840F1000072
:1030200018EB0E0B58EB000840F100008F1A4FF020
:1030300000013CBFC943661B14BFB5EB040C002163
:103040003CBFC943F61B4FEA17444EEA8E0E27EAEF
:1030500004454FEA1C4704FB07622CEA074C05FBBA
:1030600007F70CFB05F604FB0CFC16EB074642EBDE
:10307000174216EB0C4642EB1C421BEB060658EBC4
:103080000202414146EA9E0601D5BDE80189B61912
:10309000524141EB0101A3F10103BDE801894FEA6F
:1030A00014454FEA114724EA054621EA074C05FB7F
:1030B00007F406FB07F70CFB06F105FB0CFC11EB14
:1030C000074144EB17444FEA124711EB0C4144EB24
:1030D0001C4422EA074C05FB07F206FB07F70CFB32
:1030E00006F605FB0CFC16EB074642EB174216EB07
:1030F0000C4642EB1C456A1854F1000148BF70476A
:10310000B619524141EB0101A3F10103704795F05B
:10311000000F37D04FEA11424FEA144721EA024626
:1031200024EA074C02FB07F106FB07F70CFB06F449
:1031300002FB0CFC14EB074441EB17414FEA154727
:1031400014EB0C4441EB1C4125EA074C02FB07F54C
:1031500006FB07F70CFB06F602FB0CFC16EB07461A
:1031600045EB174516EB0C4645EB1C42121951F185
:10317000000148BF7047B619524141EB0101A3F16C
:10318000010370474FEA14454FEA114724EA054608
:1031900021EA074C05FB07F106FB07F70CFB06F2DB
:1031A0004FF0000605FB0CFC12EB074241EB174108
:1031B00012EB0C4251EB1C4148BF7047921841EB97
:1031C0000101A3F101037047A8B09FED2C0B9FED07
:1031D0002D1B9FED2E2B8DED140B16AAB3EE0E3B7F
:1031E000B0EE084B82EC0A0B02210020B2EE0E5B1F
:1031F0008DF880104C218DF881008DF882008DF8BB
:103200008300219068468DED225B8DED240B8DEDC2
:10321000260BFDF78EFC00BF03F042FC002828D0EF
:10322000684603F047FC20BB119A1AA00099FDF7ED
:10323000DDF900246E4614AD11E000BF06EB8400FA
:10324000214690ED010A05EBC400B7EEC00A80EDFF
:10325000000B53EC102B19A0FDF7C8F9641C119852
:10326000A04201D9062CE9D3009814A9C0B203F0FA
:10327000B5FF052006F05AFACEE700000000000076
:10328000000000000000000000407F40000000003F
:1032900000407FC05265636569766564204D6F6448
:1032A000653A20256C752C204461746120436F754C
:1032B0006E743A20256C750A0000000020206461BD
:1032C00074615F636F6E7665727465725B256C7591
:1032D0005D203D2025660A0001210F2010B501F078
:1032E00065F901F0EBF905F0F9FB00F04BF8BDE8EA
:1032F000104005F007BC000003F0ECFC68B10128A9
:1033000004D0022804D0032807D103E005A002E07E
:1033100007A000E008A0FDF769F9322006F006FAE0
:10332000EAE700004B315F446F776D0D0A00000043
:103330004B315F55700D0A004B315F4C6F6E670D5E
:103340000A000000084D4FF400544FF4FA76696902
:1033500024EA010001F4005140EA0140A86130462E
:1033600006F0E4F9F3E700000008025808B506F09B
:10337000D5FE009003F092FB0A21684606F0FEF9A4
:10338000F8E700002DE9FC41012006F0A9FB254CDF
:103390000125002321468022A061CDE90051274864
:1033A00021A106F047FE201D02262F02CDE9006074
:1033B0002848002322A13A4606F03CFE04F108000A
:1033C0003A46002324A1CDE90060274806F032FEEA
:1033D00004F10C013A4603200023CDE900012948FD
:1033E00022A106F027FE04F1100000236A02CDE9B5
:1033F00000502B4824A106F01DFE04F114013A46AA
:1034000004200023CDE900012D4826A106F012FE7C
:10341000A06902B000231A461946BDE8F04106F043
:103420000DBC0000680000204170705F4C454454A2
:103430006F67676C655F5461736B0000453300080C
:103440004170705F52756E31306D735F5461736B94
:10345000000000006D3300084170705F4B657954C7
:103460006573745461736B00F93200084170705FCA
:1034700057617665436F6C6C656374696F6E5461F8
:10348000736B0000613500084170705F566F6661B4
:103490004461746155706C6F61645461736B0000BA
:1034A000C53400084170705F496E63656E7469765B
:1034B0006553657474696E67735461736B000000C3
:1034C000C931000886B0DFF878904FF0FF3A03A9C1
:1034D0005246D9F8000006F0C9FC0128F7D1DDE911
:1034E000036580466F08002417E000BF06EBC400A8
:1034F000CDF8088090ED010AB7EEC00A8DED000B03
:1035000090ED000A0FA0B7EEC00A53EC102BFDF7A8
:103510006DF8012006F00AF9641CBC42E6D3E80706
:10352000D5D006EB850010ED010A0BA0B7EEC00A5E
:1035300053EC102BFDF75AF80A2006F0F7F8C6E70F
:103540008C00002025342E33662C25342E33662C37
:1035500025640D0A0000000025342E33660D0A0094
:1035600000220C21042086B006F0C6FA4D4C002241
:1035700008216060022006F0BFFAA0604FF47A765E
:103580006168C1B1B8B100F017FB9FED470B03F0C4
:103590005DF9474D4FF0FF37606802A93A4606F0E3
:1035A00065FC0128F8D19DF80800002807D0414BA0
:1035B00007D1414906E0304606F0B8F8FBE73F4B3B
:1035C000F6E73F494FF0000047E033F91020DFED08
:1035D0003D0A00EE102AB1EE041A2A78B8EEC00AAD
:1035E00020EE200A20EE010A2AB1012A49D0022A3F
:1035F00049D0032A49D0324600EE902A6A78B8EEC4
:10360000603B0AB1012A42D05FF0050200EE902A29
:10361000AA78B8EE602B2AB1012A3AD0022A3AD011
:10362000032A3AD05FF0010200EE902AC207B8EEFA
:10363000601B34D001EB8002DFED230A20EE200A6C
:10364000B7EEC04A84EE030B80EE023B83EE010B23
:10365000B7EEC00B401C82ED000A039A8242B4D838
:10366000CDE900120023A0681A46694606F0E6FA82
:103670009DF8100000288FD06068002106F096FAAF
:103680008AE7124AB8E7124AB6E7124AB4E71422A8
:10369000BCE70522C8E71422C6E73222C4E701EBE3
:1036A0008002D7E78400002000000000000059409D
:1036B0005C000020000800300010003000000030E6
:1036C000002000300000003800007A44A08601008D
:1036D0008096980000E1F505494838B5016841F049
:1036E000010101600068474D00F001000090D5F82D
:1036F000000820F0FF0040F00100C5F80008424C2F
:103700002078C1B2285820F0C00068502078C1B29B
:10371000285840F44030685000222846114602F0F4
:10372000FFF92078C1B2285820F400706850207842
:10373000C1B2285840F4806068502078C1B228583F
:1037400020F4C05040F4006068502178C8B2695835
:1037500021F4C04141F4005129502A482278143004
:10376000D1B2125842F004020A502178CAB2095864
:1037700041F0030111502078C1B2285820F0C070E8
:1037800068502078C1B2285820F4C00068501F4803
:10379000D0F8001121F01F0141F00601C0F800111E
:1037A000D0F8001121F4C02141F48021C0F80011AB
:1037B000D0F8001121F4780141F40021C0F8001183
:1037C000D0F8001141F48031C0F8001110480068B1
:1037D000C0F30220C0F10702042A00D90422011D0F
:1037E000072901D2002000E0C01E01219140491E9E
:1037F000084A01F005018140080182F8000438BD43
:10380000D8440258000002408CA60008000802407C
:103810000CED00E00BE000E02DE9F041234D064601
:10382000214C0F462878C1B2205820F0010060508A
:103830002878205810F0010FFAD10820A06020202D
:10384000A0600420A0600120A0601020A0600022E1
:103850002046114602F064F913494FF0C0402A781F
:1038600008315050081D29780E5000213A46204654
:1038700002F04AF928782058297840F0100060506A
:1038800028782058297840F0040060504FF0E0215B
:103890004FF40060C1F8000128782058297840F0E2
:1038A00001006050BDE8F081000002408CA60008D5
:1038B000064907480B68002243F080730B604260A2
:1038C000016841F00101016070470000FCED00E07B
:1038D000001000E0074B4FF47A7205491B68B3FBF8
:1038E000F2F24B6842434868C01A9042FBD37047DB
:1038F000001000E014000020084B064A06491B682F
:10390000B3FBF2F24B6842434868C01A9042FBD3C3
:103910007047000040420F00001000E0140000203B
:1039200070B588B01C216846FDF703F917480021DF
:10393000154E1025164C022206230660C0E90141EF
:10394000C160D402C0E9041555038161C161C0E9B9
:103950000814C0E90A150163052441638163C1634A
:103960000164CDE900320293CDE90342CDE905219E
:1039700000F010F86A460548114601F005FF0028DE
:1039800000D0012008B070BD004000527C01002032
:1039900004410052F0B587B014216846FDF7C9F81C
:1039A00027480168002948D10121016025480168A4
:1039B00041F004010160016801F004010591016812
:1039C00041F008010160016801F0080105910168FA
:1039D00041F010010160006800F0100005901948E6
:1039E0009438016821F00301016016480C38016821
:1039F00041F480510160006802240025694600F40A
:103A00008050059003264FF680700C278DE8F1005A
:103A10000D4800F069FF4CF2337069468DE8F10003
:103A20000A4800F061FF09218020CDE903618DE89B
:103A300031000748694600F057FF07B0F0BD0000AD
:103A400028000020E044025800100258000C0258E0
:103A50000008025800F1C040018070477FB5002483
:103A60001020009401940294039402F01DF8174D65
:103A700000220121284602F09AF90022284601215D
:103A800002F08CF904204FF4702102F01DFC01209B
:103A90008DF80C00CDE900048DF80D000221684678
:103AA00002948DF80E1002F045F8012002F012F990
:103AB00020B14FF0B0410120C1F88800062108462E
:103AC00004F0AFFD062004F08EFD7FBD001002580B
:103AD00010B5074C4FF48020A0610120FFF7FAFEDB
:103AE0000420A061BDE810400120FFF7F3BE0000F4
:103AF0000010025800B587B018216846FDF719F884
:103B0000102001F0D1FF0848042181610B460021FB
:103B100000930122CDE9012103910491694602F04D
:103B2000E3F807B000BD00000010025800487047DD
:103B30005CA6000870B586B018216846FCF7F9FF4E
:103B4000012001F0B1FF00200B4D01210B4E02229C
:103B500004910446CDE9010204EB4400694605EBFB
:103B6000800040680090304602F0BEF8641C14F0FB
:103B7000FF04F1D006B070BD5CA60008000002583A
:103B800000B587B018216846FCF7D3FF042001F088
:103B90008BFF08484FF400528261002101230092FC
:103BA000CDE9013103910491694602F09DF807B017
:103BB00000BD00000008025830B585B00024102078
:103BC000009401940294039401F06EFF1C48016874
:103BD00041F002010160006802221A4D114600F016
:103BE00002000490284602F0E2F800222846022152
:103BF00002F0D4F804204FF4700102F065FB0120BC
:103C00008DF80C0002218DF80D0003226846CDE9E5
:103C1000001402948DF80E2001F08CFF022002F0B7
:103C200059F820B14FF0B0410220C1F888000521B9
:103C3000072004F0F6FC072004F0D5FC05B030BDE9
:103C4000F444025800100258802010B501F02CFFF7
:103C5000BDE81040012001F027BF0000024B0ECB51
:103C600080E80E00704700001C000020F8B502F04C
:103C700016FD414900200A68920311D4BFF34F8F0B
:103C8000BFF36F8F3D4A1060BFF34F8FBFF36F8F4D
:103C90000A6842F400320A60BFF34F8FBFF36F8FA0
:103CA0000A68D20323D4344A70321060BFF34F8FB6
:103CB000101F43F6FF740068304B1033C0F34E32D0
:103CC000C0F3C90504EA4216284600BF46EA8077D9
:103CD0001F60401EFAD2521EF4D2BFF34F8F086805
:103CE00040F480300860BFF34F8FBFF36F8F00F058
:103CF00019FF03F049FA2248016841F0020101600E
:103D000000684FF6FF031F4A00F0020000901A48B7
:103D100008380168194041F440711143016000689E
:103D2000C0F30220C0F10702042A00D90422011DB9
:103D3000072901D2002000E0C01E01219140124A53
:103D4000491E8140080182F8140D03F0A5FAFFF71F
:103D5000AFFDFFF779FFFFF713FF00F0A7F900F0C1
:103D60003DFA4FF47A70FFF7B5FD00F03DF9BDE87C
:103D7000F84000F08FB9000014ED00E050EF00E0D3
:103D8000F44402580000FA050FE000E04FF08041D3
:103D9000486A00224A627047F0B58BB0142106A829
:103DA000FCF7C7FE18216846FCF7C3FE012001F0AE
:103DB0009FFE012001F084FE032669460220009048
:103DC0000127CDE9010600253148CDE9045701F06E
:103DD0008BFF681EADF81850BC0706A9CDE9075047
:103DE0002046099502F08CFA206820F080002060BF
:103DF0002849A068084040F06000A0602649A068FB
:103E0000084040F00700A060244800F112018078CB
:103E10008B7800F18040183003F0FF0C02689E4060
:103E2000B24307FA0CF73A43026002688B78F0213C
:103E3000DEB299408A4305FA06F10A430260174947
:103E4000206A1B310A228B78D9B29A40904305FA36
:103E500001F108432062206A40F01000206260698E
:103E600040F001006061A81E20616562E06820F0FA
:103E70004000E060E06820F48040E060606820F08E
:103E800070006060A06820F08000A0600BB0F0BD02
:103E9000000002588FFFCFFFF8BFFEFF68A60008A2
:103EA0004FF0804000214162891E0161016841F0AC
:103EB0000101016070470000F0B593B014210EA815
:103EC000FCF737FE20216846FCF733FE182108A8CE
:103ED000FCF72FFE022001F00BFE4CF25030214E79
:103EE0000024ADF838400EA9CDE90F4030461194BA
:103EF00002F006FA306840F0800030601A49B0687D
:103F00000840B06019490820164B01F10907183321
:103F100009783A78CD1829689040014329600F212B
:103F20006A4660200494CDE90004CDE902410121F4
:103F3000304602F045FA286804213A7891408843D7
:103F40002860012001F0BCFD022040210891CDE94C
:103F50000904CDE90C40064808A90B9401F0C4FE01
:103F600013B0F0BD00040040F8BFFEFF68A60008D3
:103F700000000258084B10B59C68844204D35B686B
:103F80008B4201D38A4201D9012010BD034B9862B4
:103F9000D9625A63002010BD1C00002000040040BC
:103FA0000848416941F0010141616FF0010101617F
:103FB000016A41F001010162016841F00101016003
:103FC00070470000000400400648016A21F001012A
:103FD0000162016821F0010101606FF001010161DE
:103FE000704700000004004010B586B014216846F8
:103FF000FCF79FFD042001F07BFD22480068C0F320
:104000000220C0F10701042900D90421021D072A5A
:1040100001D2002000E0C01E012300228B405B1E65
:1040200003F00501184B8140080183F800044FF0AC
:10403000E0214FF08040C1F8000140F2E73140F646
:104040005F10ADF80000114CCDE901216946204612
:10405000039202F055F9206840F0800020600C497E
:10406000A0680840A060606820F070006060A068F0
:1040700020F08000A060E06840F00100E06006B041
:1040800010BD00000CED00E01EE000E00008004064
:10409000F8BFFEFF044800214162891E01610168EA
:1040A00041F00101016070470008004010B590B078
:1040B00020216846FCF73DFD182108A8FCF739FDD2
:1040C000374802F0EFF83748016841F0100101600D
:1040D000006800F010000E90012001F0FDFC0DF1D1
:1040E000200C0024022103224FF4C0608CE817004A
:1040F00007232D4808A9CDE90C4301F0F5FD2B4815
:104100000068C0F30220011D072901D2002000E051
:10411000C01E04FA00F10801254981F8000420209E
:1041200023492139C1F800010C212248029403944B
:104130000794CDE90040CDE90441069469461E4C40
:10414000204602F007FA0021204602F09DFA0021E5
:10415000204602F08BFA206820F000502060606852
:1041600020F490406060A06820F02A00A0602068E1
:1041700040F00100C4F8000054E8000F40F02000B7
:1041800044E80002002AF7D1E069C0F3405000285B
:10419000FAD0E069C0F380500028F5D010B010BD0F
:1041A00008030007F0440258000002580CED00E03C
:1041B00025E000E0C0C62D00001001400649CA6994
:1041C000C2F3C012002AFAD08862CA69C2F3801210
:1041D000002AFAD0704700000010014010B590B0DE
:1041E00020216846FCF7A5FC182108A8FCF7A1FCD3
:1041F000284802F057F82848016841F480210160FE
:10420000006800F480200E90042001F065FC08ABEB
:10421000002402214FF4406083E8130007221F4866
:1042200008A90B94CDE90C4201F05EFD4FF4E1309A
:1042300002940C2103940794CDE90040CDE9044198
:1042400006946946164C204602F084F90021204667
:1042500002F01AFA0021204602F008FA206820F045
:1042600000502060606820F490406060A06820F0FA
:104270002A00A060206840F001002060E069C0F3DF
:1042800040500028FAD0E069C0F380500028F5D0F3
:1042900010B010BD08000007E8440258000802589A
:1042A000004800400649CA69C2F3C012002AFAD089
:1042B0008862CA69C2F38012002AFAD070470000EF
:1042C00000480040FEE700001FB50020009018489D
:1042D0000168C1F34011002927D020218160164ACE
:1042E00001AB144C07CA83E80700207800238DF83F
:1042F000040001A960686A4605F058FD20784FF473
:104300008061C0F101002070207878B10B4800BFB7
:10431000FFF782FA0098002807D009494FF0805033
:104320000860BFF34F8FBFF36F8F1FBD0548EFE7E6
:1043300000000240840000209CA600080008003015
:1043400004ED00E000000030704772B6FEE70000A8
:104350000749097851B1C0F3C621C0F302220448CD
:104360008038405CD04000F001007047002070476A
:10437000C05801202DE9F0410A4D05F11806AF693A
:1043800000F0B2F9044601463046FCF787F8B8421F
:10439000F5D1844203D203481030FCF776F820466A
:1043A000BDE8F081C05801202DE9FC475FEA010813
:1043B0001446054602D0B4F5807F02D90020BDE83E
:1043C000FC87FFF7C5FF48B1FFF7D4FF8146A8B2CD
:1043D000EFF3058121B14FF4002702E00120EEE761
:1043E00000270743A4B1082C4FF0000A4FF4E02641
:1043F00013D8224641466846CDF800A0CDF804A067
:10440000FCF7F6FA06EA0440384340F0407042E018
:10441000002349461A46384640E02248FCF72CF86B
:104420000146D8F800000090083CD8F8040006EADD
:1044300001463743009A08F10805034649460190B2
:1044400047F0807000F030F80028B8D04FF60170C7
:1044500006430FE0284655F8081B0091083C4068C9
:104460000A46494601900346304600F01DF8761C86
:104470000028A4D0082CEDD8224629466846CDF85D
:1044800000A0CDF804A0FCF7B3FA26F47F4040EA80
:10449000042040F000704946DDE9002300F004F8F4
:1044A0008DE70000C15801202DE9FF5F93468A4641
:1044B0004FF08052994602EADA08510001EA9B0760
:1044C0004800072500EA59061F48FBF7DEFF830A6C
:1044D000C0F309021D484FF4700100EB021400986C
:1044E00001EA0351084340EA08003843304340F0F2
:1044F000406104F10C00FBF7D9FF41011CD580F0AD
:10450000044101F0004029F0004202432AF0004536
:104510002BF00043054325600343C4E9013204F155
:104520000C00FBF7D4FF48B10748001DFBF7ADFFB7
:10453000012004B0BDE8F09F6D1EC5D102480830CF
:10454000FBF7A3FF0020F4E7C45801204018012026
:104550002DE9F047FF29814601D2FF2A02D300202E
:10456000BDE8F087104D002420464FF0010A564662
:104570000AFA00F313EA090F0FD00B46B2460AE01D
:1045800004EBD30603F00708AF5D0AFA08FC47EA1C
:104590000C075B1CAF559342F2D9401C2034042811
:1045A000E5D30120DCE70000405801202DE9F04769
:1045B0003D4C0025884681468021A4F1800025706D
:1045C000FCF7B7FA394B4FF6FF70182241F221077A
:1045D0004FEA0006082113F801CB80EA0C2000BF47
:1045E0005FEA004C06EA400000D57840491EF7D14A
:1045F000521EEFD12E4A0121236A934201D022623A
:1046000002E06288824202D06080E16139E0E069C4
:10461000401CE061012834D0264B00204FF4806616
:1046200003EB0011CA68570102D522F04062CA604C
:10463000401CB042F4D3E06901282BD000F060F8B0
:104640000646DEB1FE2248460021FFF781FFEF2239
:104650000F201146FFF77CFFFE2204201146FFF7D2
:1046600077FFFFF787FEE269002301461248FFF754
:104670001BFFB8F1000F01D000F020F83046BDE874
:10468000F08765704FF480416560A5600948E5607A
:10469000FCF74FFA00F034F8061E01D000F02AF8BB
:1046A000C4E905052561CCE7C0580120B4A600087F
:1046B0006B27A5E14018012000FF0003084810B552
:1046C000017809B1012010BD01210170FFF752FEF0
:1046D0000023014603481A46FFF7E6FEF2E7000012
:1046E000C058012001FF00030148406870470000E6
:1046F000001000E00148006870470000140000202E
:1047000005490A68054842F080720A60016841F074
:104710000101016001207047FCED00E0001000E0A5
:10472000F0B5B3F5804F05D06FF0704140F822101E
:104730000020F0BD91E838008F898E6950F8221072
:1047400024013343054E44EA05242343314043EA20
:1047500007430B4340F82230EAE700000000F0CFA7
:10476000F0B50A6850F8223023F0010340F82230F7
:104770008C68082C2CD000264A68D1E903CE22434D
:104780004CEA060C01F1140342EA0C0242EA0E0262
:1047900093E8F8501A4322430C682A43D1E90C35B8
:1047A000324350F824603A4342EA0C02DFF840C03A
:1047B00042EA0E028F6B13431D432F4326EA0C0679
:1047C0003E4340F824600A6BB2F5801F02D007E038
:1047D0004026D1E70A684AB1026842F480120260BA
:1047E0000A681AB10268496B0A4302600020F0BDF2
:1047F0007FFB3F00F0B58C6800EB8202D1E9003608
:10480000B1F80CE04FEA042C134C0D8A43EA06136E
:104810000E7D67014CEA0E4C43EA0C0304EB055590
:104820002B438D6907EB0666576833432B4307F02C
:1048300040452B4353600268D2020BD5098A426877
:10484000436804EB015122F47002114323F4700316
:104850000B4343600020F0BD0000F0FFF0B587B0CF
:1048600014216846FCF765F91A48016800292ED121
:10487000012101601848016821F003010160164818
:104880008830016841F480510160006802240025ED
:10489000694600F48050059003264FF680700C277F
:1048A0008DE8F1000D4800F01FF84CF233706946B6
:1048B0008DE8F1000A4800F017F809218020CDE9C1
:1048C00003618DE831000748694600F00DF807B034
:1048D000F0BD0000000000204C44025800100258B7
:1048E000000C0258000802582DE9F84F03247D4DB2
:1048F00000234FF001094FF0B04B4FF00F0AE9E0F1
:1049000009FA03F73A4076D00E7906F00306012E35
:1049100001D0022E18D1D0F808C04FEA430ECE685D
:1049200004FA0EF82CEA080C06FA0EF646EA0C0613
:104930008660D0F804C00E792CEA070CC6F3001686
:104940009E4046EA0C0646600E79F643B6070BD049
:10495000C6684FEA43088F6804FA08FC26EA0C068A
:1049600007FA08F73743C7600E7906F00306022EF0
:1049700012D1DE080F694FEA437C00EB8606B6468B
:10498000366A4FEADC6C0AFA0CF807FA0CF726EAEA
:1049900008063743CEF820700F7906684FEA4308BF
:1049A00007F0030704FA08FC07FA08F726EA0C06E2
:1049B000374307604E6816F4403F1CD04A4E3768B4
:1049C00047F00207376036689F0706F00206009638
:1049D00023F0030606F1B046B6463F0FD6F808644A
:1049E000DFF808810AFA07FC404526EA0C0603D1E5
:1049F0004FF0000C41E06CE0DFF8F4C0604502D1FC
:104A00004FF0010C39E0DFF8ECC0604502D14FF007
:104A1000020C32E0DFF8E0C0604502D14FF0030C39
:104A20002BE0DFF8D8C0604502D14FF0040C24E041
:104A3000DFF8CCC0604502D14FF0050C1DE0DFF877
:104A4000C4C0604502D14FF0060C16E0DFF8B8C0D4
:104A5000604502D14FF0070C0FE0DFF8B0C06045B1
:104A600002D14FF0080C08E0DFF8A4C0604502D185
:104A70004FF0090C01E04FF00A0C0CFA07FC4CEA6D
:104A8000060CCEF808C44F68DBF80060FF0226EA87
:104A9000020600D516435F46CBF80060D1F804C08B
:104AA000DBF804605FEA8C2C26EA020600D5164388
:104AB0007E606E684F6826EA0206BF0300D5164383
:104AC0006E602E684F6826EA0206FF0300D5164383
:104AD0002E605B1C0A6832FA03F67FF411AFBDE862
:104AE000F88F000080000058F4440258000002587B
:104AF0000004025800080258000C02580010025826
:104B00000014025800180258001C025800200258D5
:104B1000002402580248816802781144816070477D
:104B200008000020032010B500F0FEF800F090FD12
:104B30000F4A104914681368C4F3032203F00F03EB
:104B40008A5CC95C02F01F0201F01F01D0400A4AD2
:104B500020FA01F11160094908600F2000F010F8F7
:104B600008B1012010BD00F09FF8002010BD00002A
:104B7000184402584CA60008180000201400002019
:104B800010B5102804468AB02CD2002201463620E7
:104B900000F0AAF8362000F099F81748046017488A
:104BA000016841F010010160006809A900F01000DF
:104BB0000890684600F0EAFC0598B0B100F036FDB8
:104BC00040000F4900220F4CB0FBF1F10E4840F2BB
:104BD000E7330460C0E90332491EC0E9011200F066
:104BE0000EFE28B101200AB010BD00F01FFDE8E75D
:104BF000054800F037FEF6E70C000020E8440258B4
:104C000040420F000010004030010020F0B5154C6C
:104C10004378211D0A1D23600378F3B143680B60BC
:104C2000057BC67A817A437B2D07847B45EA06653E
:104C3000C77B90F809C0067A90F800E045EAC140C9
:104C400040EA834040EA444040EA074040EA0C2002
:104C500040EA460040EA0E0001E0002008601060D3
:104C6000F0BD000098ED00E0BFF35F8F0448002125
:104C70000368034A23F48033036070321160704785
:104C800024ED00E0074A40F0010006497032106050
:104C9000086840F480300860BFF34F8FBFF36F8F18
:104CA0007047000024ED00E0074882B0016841F041
:104CB00002010160006800220F2100F00200009054
:104CC000901E02B000F010B8F4440258002809DB2E
:104CD000410900F01F028900012001F1E02190400C
:104CE000C1F80001704700000E4BF0B41B680D4680
:104CF000C3F30223C3F10706042E00D90426191DAD
:104D0000072901D2002300E0DB1E012404FA06F18A
:104D10009C40491E2940641E994014402143F0BC28
:104D200003F06EBC0CED00E0064900F0070210B580
:104D30004FF6FF040868044B204040EA0220184365
:104D4000086010BD0CED00E00000FA057047D0F8D7
:104D5000080502F0D9BD01EBC10200EB8202D0F8D8
:104D60000805926C02F02CBD01EBC10200EB82023F
:104D7000D0F80805D2F8882202F07EBDD0F80805E8
:104D800002F0C4BD0A0601F00F0101EBC10100EB06
:104D9000810101D53C3101E001F51F71006803F08C
:104DA000A3BA70B54268044601F00F00904201D9E1
:104DB000012070BD01F00F024FF000050B0602EB61
:104DC000C2014FF0010204EB810103D581F83D20BF
:104DD0003C3103E081F87D5201F51F718D70087040
:104DE00094F8BC04012808D084F8BC24206803F09F
:104DF00007F9002084F8BC5470BD022070BD2DE975
:104E0000F04101F00F0604460D064FF0010006EBDD
:104E1000C6014FF0000504EB810103D581F83D0088
:104E20003C3103E081F87D5201F51F714F788A60B3
:104E30000B710E7007B14E83022B00D14D7194F8A7
:104E4000BC24012A09D084F8BC04206803F05EF871
:104E5000284684F8BC54BDE8F0810220FBE770B519
:104E600001F00F05002405EBC50100EB810101F500
:104E7000227181E81C0001F80B4C01F80C5DC3683D
:104E8000012B00D1CA61027B006803F011F90020F8
:104E900070BD70B50D464168044605F00F008842AC
:104EA00001D9012070BD29064FF000064FF0010224
:104EB00007D500EBC00104EB810181F83D203C31B6
:104EC00007E005EBC50104EB810181F87D6201F586
:104ED0001F718A70087094F8BC04012807D084F808
:104EE000BC24206803F0B8F8280702D007E00220AD
:104EF00070BD217B04F2C442206803F055F8002005
:104F000084F8BC6470BD70B501F00F04002504EB9B
:104F1000C401012600EB8101483181E82C0001F831
:104F20000B6C01F80C4DC368012B00D1CA61027BE8
:104F3000006803F0BDF8002070BD00002DE9FC5FA3
:104F400005680446284603F04CFA00287ED1206804
:104F500003F073FA002879D0D5F80808C0F30D20C3
:104F6000C4F8FC04206803F068FA800704D52068C0
:104F7000416901F002014161206803F05EFAC10657
:104F800004F2C440009034D52068816921F01001FA
:104F900081612F6A07F00F01C7F3434001EBC101A4
:104FA000022804EB810606F51F7602D0062811D0F0
:104FB0001AE047F6F070074216D0C7F30A12F168FC
:104FC0001746284603F03DFAF16870693944F160EC
:104FD000384408E000990822284603F032FA706944
:104FE000C7F30A11084470612068816941F010011B
:104FF0008161206803F021FA00034FF0000A4FF0AE
:10500000020B4FF001097CD52068002603F0F4F96B
:10501000074674E0F80770D02068F1B203F005FA93
:105020008046C00707D005EB4611C1F8089B314602
:10503000204601F09FFF5FEA087025D505EB461179
:105040000820C1F8080BFC49206800E042E2026C2D
:1050500000EB461001928A42D0F8081B05D90904DA
:1050600003D54FF40041C0F8081B204600F06EFA4B
:10507000F1490198884207D9E068012804D12068E5
:105080000121009A02F090FF5FEAC86004D505EBA9
:1050900046111020C1F8080B5FEA88701CD56869BA
:1050A000000605D5D5F8040840F48061C5F8041859
:1050B00006EBC60004EB800090F87F1200F51F702D
:1050C000012905D180F803A02046F1B200F008FACA
:1050D00005EB4611C1F808BB5FEA886004D505EB13
:1050E00046112020C1F8080B5FEA884005D505EB82
:1050F00046114FF40050C1F8080B7F08761C002FB2
:1051000088D1206803F099F940036FD5206803F037
:105110006CF90026074667E0F80763D02068F1B213
:1051200003F071F98046C00723D0D5F8342806F083
:105130000F0C05EB461309FA0CF08243C5F834282E
:10514000C3F80899E06801280FD106EBC60004EB0C
:105150008000D0E911121144816436B9E06C20B9A5
:1051600020680121009A02F01FFF2046F1B2FFF7EC
:10517000F2FD5FEA087004D505EB46110820C1F87E
:1051800008095FEAC86004D505EB46111020C1F894
:1051900008095FEA486004D505EB46114020C1F8D4
:1051A00008095FEA887016D53146284603F0ECF806
:1051B00006EBC60004EB800090F83F103C3001295C
:1051C00005D180F803A02046F1B200F085F905EB87
:1051D0004611C1F808B95FEA086003D53146204698
:1051E00001F02EFF7F08761C002F95D1206803F078
:1051F00024F9002811DAD5F8040820F00101C5F8D7
:10520000041894F8F40401283BD0204600F082F9F9
:105210002068416901F000414161206803F00DF907
:1052200000050BD5D5F80808C00702D0204600F0CD
:1052300095F92068416901F400614161206803F03B
:10524000FCF800010AD52068416901F00061416164
:1052500094F8F404E0B1204600F080F9206803F0EF
:10526000ECF8C00472D5D5F8040820F00101C5F8A7
:1052700004182068102103F087F800214FF67F32D0
:105280002DE00021204684F8F4A4FFF75FFDBFE77E
:1052900084F8F4942068406D0121C0F38300C4F8C1
:1052A000F8042046FFF752FDD8E700BF05EB411098
:1052B000C0F80829D0F8003923F40013C0F80039E9
:1052C000C0F8082BD0F8003B23F40013C0F8003BD3
:1052D000D0F8003B43F00063C0F8003B491C606815
:1052E0008842E3D8D5F81C0840F00111C5F81C1815
:1052F000206B68B1D5F8840840F00B01C5F884181C
:10530000D5F8440840F00B012846C5F844180DE0D4
:10531000D5F8140842F22B010843C5F81408D5F853
:10532000100840F00B012846C5F81018D0F8000806
:1053300020F4FE61C5F80018217B2068009A02F075
:1053400033FE2068416901F480514161206803F017
:1053500074F8800417D5206802F018FE206803F066
:1053600033F8206100F040F9217C2368CAB201467D
:10537000184603F097F8204600F0B6F82068416917
:1053800001F400514161206803F057F8000707D588
:10539000204600F0C3F82068416901F0080141612E
:1053A000206803F04AF8000616D5A869012620F007
:1053B0008001A9610DE000BF06EBC60004EB800090
:1053C00090F87F02012803D12046F1B2FFF7DAFC02
:1053D000761C6068B042EFD8206803F02EF8C00257
:1053E00021D501264F4616E006EBC60105EB461017
:1053F00004EB8101D0F8000991F84020012A09D17D
:10540000002807DAF0B281F83F7040F080012046B2
:10541000FFF7B8FC761C6068B042E5D820684169A7
:1054200001F480114161206803F007F8800234D54F
:1054300001204B4629E000000A30544F00EBC00227
:1054400005EB401104EB8202D1F8001B92F8806258
:10545000012E19D1002917DA94F8FC6401F4803187
:1054600006F00106B1420FD182F87F32A96941F0FE
:105470008002AA616969090606D4D5F8040840F4D7
:105480000070C5F8040803E0401C61688142D5D86B
:105490002068416901F400114161206802F0CDFFEC
:1054A000400007D52046FFF752FC2068416901F013
:1054B00080414161206802F0C0FF40070AD52068A2
:1054C0004568680702D52046FFF758FC2068416808
:1054D00029434160BDE8FC9FD0F8080502F036BAC8
:1054E000D0F8080502F046BA70B5044600690125F7
:1054F00070B1022801D0FEF728FFD4F8080529462C
:1055000002F0A7FAD4F80805BDE8704002F05BBAD3
:105510000025F2E7D0F8080502F084BAD0F80805B3
:1055200002F08ABA10B5044690F8BC0401280BD0EA
:10553000012084F8381084F8BC04206802F0A1FF30
:10554000002084F8BC0410BD022010BDD0F808254E
:1055500000F2C441104602F088BA000010B50446BB
:10556000D0F8080502F0BAFA2068D0F8001E41F021
:105570000101C0F8001E206A002804D0024801681A
:1055800041F00601016010BD10ED00E070B5144C53
:105590003F220260124A24680832131D114D04F0A4
:1055A0000704446016681C1D06F470668660166861
:1055B00006F00F06C660126802F0700202611A68F7
:1055C00002F0700242611A6802F4E06282612268AD
:1055D00002F07002C261286800F00F00086070BD20
:1055E000104402580020005230B500F031F80B4A48
:1055F0000B490C4B15681468C5F3032204F00F0423
:105600008A5C095D02F01F0201F01F01D040064ACA
:1056100020FA01F119601060084630BD18440258A4
:105620004CA60008180000201400002000B5FFF769
:10563000DBFF05490968054AC1F30211515C01F01D
:105640001F01C84000BD00001C4402584CA60008C1
:10565000454970B545480968434B103B11F0380285
:1056600008D00111082A03D0102A0BD0182A0BD019
:10567000084670BD19688906FBD51968C1F3C101D8
:10568000C84070BD3A4870BD3749374D18310C1DC0
:1056900024350A68096826682D6802F0030406F0BC
:1056A0000102C1F30511C5F3CC0515FB02F200EEB2
:1056B000102AB8EE400AE9B32F4ADFED2E0AB7EE02
:1056C000001A6CB1DFED2D1A012C01D0022C43D051
:1056D00002EE101A1068F8EE422A81EEA22A1EE0AD
:1056E0001C68A40611D51B6801EE901A1168C3F35B
:1056F000C103F8EE612AD84001EE900AC1F3080018
:10570000F8EE611A81EEA22A0BE001EE901ADFEDAD
:105710001C2A00BFF8EE611A106882EEA12AC0F3BD
:10572000080001EE900AF8EE611A40EE201A31EE00
:10573000810A00E015E022EE000A1068C0F346205E
:10574000401C00EE900AF8EE600A80EE201ABCEED3
:10575000C10A10EE100A70BD01EE901ADFED092AA1
:10576000D8E7002070BD0000104402580090D0031C
:1057700040787D0100000039304402580024744A0A
:105780000024744C20BCBE4B70B5040015460E4678
:1057900003D094F8450010B107E0012070BD00204F
:1057A00084F84400204600F025F8206804F1080140
:1057B000FEF7D6FFA26831462068FFF71BF8E36AC0
:1057C0002946D4E90102FEF7ABFFA1680123206856
:1057D000074A50F8215045F0010540F82150106863
:1057E00040F00040106084F84530002070BD00009B
:1057F00000400052FFF732B870477047704710B54D
:10580000040003D094F83D0010B107E0012010BD62
:10581000002084F83C00204600F022F8022084F8A2
:105820003D002068211D01F07BFE012084F8480026
:1058300084F83E0084F83F0084F8400084F841007A
:1058400084F8420084F8430084F8440084F845005A
:1058500084F8460084F8470084F83D00002010BD1D
:105860007047000090F83D10012901D001207047D9
:10587000174A022180F83D100168CB6843F001030C
:10588000CB600068904214D0B0F1804F11D0114924
:1058900088420ED0104988420BD01049884208D067
:1058A0000F49884205D00F49884202D00E498842EC
:1058B00007D181680D4A1140062906D0B1F5803F15
:1058C00003D0016841F00101016000207047000031
:1058D000000001400004004000080040000C0040AF
:1058E0000004014000180040004001400700010092
:1058F000704770B50446006800250169C9438907EF
:1059000015D4C168C943890711D4EA1E0261012177
:105910002177206880698007204602D0FFF7E8FFE2
:1059200004E000F0A7F8204600F0A5F825772068ED
:105930000169C943490717D4C168C943490713D44A
:1059400002216FF00402026121772068806910F45F
:10595000407F204602D0FFF7CBFF04E000F08AF83A
:10596000204600F088F8257720680169C9430907B7
:1059700016D4C168C943090712D404216FF0080284
:10598000026121772068C0698007204602D0FFF7B6
:10599000AFFF04E000F06EF8204600F06CF82577C9
:1059A00020680169C943C90617D4C168C943C9063B
:1059B00013D408216FF01002026121772068C069BA
:1059C00010F4407F204602D0FFF792FF04E000F081
:1059D00051F8204600F04FF8257720680169C94347
:1059E000C90708D1C168C943C90704D1891E01612B
:1059F000204600F041F820680169C943090609D42E
:105A0000C168C943090605D46FF0800101612046D1
:105A1000FFF7F3FE20680169C943C90509D4C168CD
:105A2000C943090605D46FF4807101612046FFF770
:105A3000E3FE20680169C943490609D4C168C94326
:105A4000490605D46FF040010161204600F01EF8C0
:105A500020680169C94389060BD4C168C943890616
:105A600007D46FF0200101612046BDE87040FFF7C8
:105A7000C5BE70BD7047704700680349884201D1B8
:105A8000FFF748B870470000001000407047FEE77D
:105A9000044908B50A6802430A6009680140009198
:105AA00008BD0000DC440258044908B50A680243F6
:105AB0000A6009680140009108BD0000E0440258F6
:105AC000044908B50A6802430A6009680140009168
:105AD00008BD0000E0440258044908B50A680243C2
:105AE0000A6009680140009108BD0000E0440258C6
:105AF000044908B50A6802430A6009680140009138
:105B000008BD0000E8440258044B001D595C0B58C6
:105B10006FF30F0313430B50704700008CA600086F
:105B2000034B595C435823F490731343435070471D
:105B30008CA6000810B5027B00234FF0B041002A6C
:105B4000026873D0EAB1447BE407D1F8804001D009
:105B5000144300E09443C1F88040427BD1F8844074
:105B60009207026801D5144300E09443C1F88440D1
:105B7000827B32B1012A0DD0022A14D0032A16D01A
:105B8000012342689AB3447BE407D1F8904017D0D0
:105B9000144316E04C68026894434C600C68026839
:105BA00014430C60EDE70C680268944302E00C6853
:105BB000026814430C604C68026814434C60E0E7D0
:105BC0009443C1F89040427BD1F8944092074268D8
:105BD00001D5144300E09443C1F89440827B32B174
:105BE000012A0DD0022A14D0032A16D0012382687C
:105BF000A2B3447BE407D1F8A04018D0144317E0C7
:105C00004C6A426894434C620C6A426814430C62CA
:105C1000EDE70C6A4268944302E00C6A4268144360
:105C20000C624C6A426814434C62E0E72DE09443F6
:105C3000C1F8A040427BD1F8A4409207826801D508
:105C4000144300E09443C1F8A440827B32B1012A9E
:105C500005D0022A0CD0032A0ED0012338E04C6C68
:105C6000826894434C640A6C806802430A642FE0A3
:105C70000C6C8268944302E00C6C826814430C64E0
:105C80004A6C806802434A6422E0D1F88040944321
:105C9000C1F88040D1F8904042689443C1F89040E8
:105CA000D1F8A04082689443C1F8A040D1F8844064
:105CB00002689443C1F88440D1F894404268944308
:105CC000C1F89440D1F8A42080688243C1F8A42090
:105CD000184610BD4FF0B041D1F88810884301D06C
:105CE0000020704701207047F0B50A6892FAA2F2CE
:105CF000B2FA82F44CE00125A54013EA050246D031
:105D00004B68012B01D0022B10D1856802FB02F3F6
:105D10008E685E4303EB43039D43354385604568CE
:105D2000CE680B689D435E4335434560C56802FB02
:105D300002F30E6903FB06F703EB4306B5433D434D
:105D4000C5604D68022D1CD1FF2A0BD803FB02F55C
:105D5000076A55434A696A43C5EB0515AF431743C4
:105D600007620EE0476A120AD1F814C002FB02F57E
:105D70005543554305FB0CF2C5EB0515AF431743DF
:105D8000476205684A68B54353431D430560641C78
:105D90000A681346E240AED10020F0BD49430368D3
:105DA0004A4301EB41018B4313430360704749436E
:105DB000C3684A4301EB41018B431343C3607047FF
:105DC00002480068C0F300207047000000440258F9
:105DD00000EE100A00EE901A01EE102A9DED002A46
:105DE000B8EE403AF8EE600AB8EE410AB8EE421A50
:105DF00001EE903A83EE202AF8EE611ADFED062AD2
:105E000001EEA20A22EE000AC0EE010ABCEEE00A90
:105E100010EE100A70470000000000390649030E1A
:105E2000C0F3042251FA80F1934009681940D1402F
:105E300040EA0140704700004C4402582DE9F84FF9
:105E4000364F00250446A846386810F0030004D0F9
:105E500001280BD0022812D10DE000F0F9F970B141
:105E600000F0EEF92E4DC008C54008E0FFF7A8FF8E
:105E700028B12C4D03E000F0DBF900B12A4D0020E1
:105E80002060264E6060A06008363868311F336895
:105E90000A68C0F30517C3F3080012F0010F00F100
:105EA000010A03D0301D0068C0F3CC08002F33D0A6
:105EB00008688946C0F3004058B1306843465246EE
:105EC0003946C0F34620401C00902846FFF780FF6B
:105ED0002060D9F80000C0F3404058B13068434614
:105EE00052463946C0F30640401C00902846FFF752
:105EF0006FFF6060D9F80000C0F3804000280BD02D
:105F00003068434652463946C0F30660401C009054
:105F10002846FFF75DFFA060BDE8F88F28440258CF
:105F20000090D00300093D0040787D012DE9F84F35
:105F3000374F00250446A846386810F0030004D007
:105F400001280BD0022812D10DE000F081F970B1C8
:105F500000F076F92F4DC008C54008E0FFF730FF8C
:105F600028B12D4D03E000F063F900B12B4D002066
:105F70002060274E606026491036A0603868091DF1
:105F800033680A68C0F30537C3F3080000F1010A5B
:105F9000C2F300121AB1301D0068C0F3CC08002F04
:105FA00033D008688946C0F3C04058B130684346D2
:105FB00052463946C0F34620401C00902846FFF761
:105FC00007FF2060D9F80000C0F3005058B13068D6
:105FD000434652463946C0F30640401C00902846CE
:105FE000FFF7F6FE6060D9F80000C0F340500028CB
:105FF0000BD03068434652463946C0F30660401C19
:1060000000902846FFF7E4FEA060BDE8F88F00008E
:10601000284402580090D00300093D0040787D01DB
:106020002DE9F84F384F00250446A846386810F08F
:10603000030004D001280BD0022812D10DE000F09B
:1060400007F970B100F0FCF8304DC008C54008E019
:10605000FFF7B6FE28B12E4D03E000F0E9F800B1DD
:106060002C4D00202060284E606027491836A06023
:106070003868091D33680A68C0F30557C3F3080080
:1060800000F1010AC2F300221AB1301D0068C0F30A
:10609000CC08002F35D0002D33D008688946C0F3D6
:1060A000805058B13068434652463946C0F34620C6
:1060B000401C00902846FFF78BFE2060D9F80000B6
:1060C000C0F3C05058B13068434652463946C0F319
:1060D0000640401C00902846FFF77AFE6060D9F821
:1060E0000000C0F3006000280BD0306843465246E1
:1060F0003946C0F30660401C00902846FFF768FE52
:10610000A060BDE8F88F0000284402580090D0033A
:1061100000093D0040787D010248006800F470608D
:106120007047000018440258FEB50024FFF776FEC1
:1061300039494FF440724FF47D43451A88424FF479
:1061400080315FD022DC354EB042A0EB06050AD08C
:1061500010DC334DA0F10800B0F1E06040D0904277
:106160002DD0884229D100F083F830B36846FFF77C
:10617000DDFE09E09D4201D08D421ED100F080F885
:10618000D8B16846FFF74CFF019C16E0254EA81BCE
:10619000B54204D008DC954234D08D420DD1FFF7D2
:1061A0000FFE50B1204C08E0984201D0884204D143
:1061B00000F056F808B14FF400442046FEBD00F050
:1061C000BFFF0446FFF7A8FFC0F30320285C00F0E0
:1061D0001F0024FA00F000F085FF00F0A1FF0FE09F
:1061E00000F0AEFF0446FFF797FFC0F30320285CE2
:1061F00000F01F0024FA00F000F074FF00F080FFB0
:106200000446DAE700F024F80028D6D000F018F8A9
:10621000064CC008C440D0E7080003070803010784
:106220003CA600080003010000093D000090D003D7
:1062300002480068C0F34040704700000044025824
:106240000248006800F0180070470000004402583F
:1062500002480068C0F38000704700000044025804
:1062600002480068C0F340007047000070440258C4
:1062700002480068C0F3C060704700000044025844
:1062800002480068C0F340707047000000440258A4
:1062900003490A6822F00F0202430A6070470000B7
:1062A000184402580749030E10B551FA80F1C0F3A3
:1062B0000422C0F307440868934094409843204365
:1062C000086010BD4C4402588A070B0C120F02F1F3
:1062D000B04293FAA3F310B5B3FA83F4D2F80834BA
:1062E00004F01F0423EA1141A0400143C2F808143E
:1062F00010BD000001490860704700001400002034
:106300002DE9F047264B4FF0804A264D026898420F
:10631000254E264F264C09D0504507D0A84205D01F
:10632000B04203D0B84201D0A04205D1D1F804C098
:1063300022F0700242EA0C02DFF878C0DFF87880C1
:106340009842DFF878900FD050450DD0A8420BD07E
:10635000B04209D0B84207D0A04205D0604503D072
:10636000404501D0484503D1CD6822F440722A430C
:1063700002608A68C2620A888262984207D0A0429C
:1063800005D0604503D0404501D0484501D1096999
:106390000163416941F0010141610020BDE8F087DE
:1063A000000001400004004000080040000C0040D4
:1063B0000004014000400140004401400048014009
:1063C0002DE9F05F5C4EB1F5805F5C4C0F465C4D93
:1063D0004FF00003DFF86C914FF00101DFF868A186
:1063E000DFF868B11CD007DC012F0CD0102F0ED0C5
:1063F000B7F5807F70D10FE0B7F5803F3DD0B7F59E
:10640000801F69D16BE0114600F0BAFC02E0114632
:1064100000F006FD01465FE0114600F053FDF9E78C
:10642000016AA04221F480510162046A4168D0F8F7
:106430001CE024F400541769D2E9008C44EA0734C4
:106440002EF4407707EA060724F4805447EA08262A
:1064500044EA0C3407D0A84205D0484503D0504543
:1064600001D0584504D1956921F4804141EA851154
:106470004160C661D16801642CE0016AA042344EDB
:1064800021F480310162046A178A416D24F40034DA
:10649000B2F80480D2F800C044EA074401EA0601D9
:1064A00024F4803441EA0C0144EA084407D0A842AD
:1064B00005D0484503D0504501D0584506D1456820
:1064C000966925F4803545EA062545604165816D6C
:1064D000D1688165194604620846BDE8F09F016AEB
:1064E000A04221F480110162046A178A416D24F4EC
:1064F0000014B2F80480D2F800C044EA075401EA5C
:10650000060124F4801441EA0C2144EA085407D01F
:10651000A84205D0484503D0504501D0584506D182
:106520004568966925F4802545EA862545604165DC
:10653000D168C165CEE70000FF8FFFFE000001407B
:106540000004014000400140004401400048014077
:106550008FFFFEFF2DE9F0410446006801260D463D
:1065600010F0010F54D1D5E904C1EB69A868226885
:106570001943324F40EA0C0008433A401043206070
:106580006168E86821F4405101436160A168A8692D
:1065900021F440710143A16029482A49844201D174
:1065A000084615E0284A2948944211D0284A9442C6
:1065B0000ED0284A94420BD0274A944208D0274A4A
:1065C0009442EDD026498C4202D026498C4218D103
:1065D000FFF7AAFDA8B1696899B12A680026EB699E
:1065E0000B2A0ED8B3F5004F1F4B14D0D2B253F87C
:1065F0002220B0FBF2F000EB5100B0FBF1F080B2D2
:10660000E060E16A288821F00F0180B20143E16275
:106610003046BDE8F081D7B24FF6F07253F827301C
:10662000B0FBF3F0400000EB5100B0FBF1F081B2A1
:1066300001EA0200C1F342010843E1E7F369FFEF19
:106640000010014008030007004400400800000754
:1066500000480040004C0040005000400014014041
:1066600000780040007C00400CA6000810F10800F3
:1066700050E8002F22F0606242EA416240E80023C5
:10668000002BF5D17047000010F1080050E8002FF2
:1066900061F35F7240E80023002BF7D170477FB5AC
:1066A000FEF7E2FA00248DF80F4001258DF80E4028
:1066B00012208DF8080003268DF80B608DF800502D
:1066C0004FF010518DF80D4068468DF80A50019139
:1066D0008DF801408DF809408DF80C40FEF796FAD0
:1066E0000F208DF808008DF80F4071078DF80B60B2
:1066F00068468DF80E408DF800508DF80D408DF8ED
:106700000A4001918DF801508DF809408DF80C4038
:10671000FEF77CFA10208DF808008DF80F40320744
:106720008DF80B6002218DF80E4068468DF8005000
:106730008DF80D508DF80A4001928DF801108DF8FA
:1067400009408DF80C50FEF761FA0420FEF79AFA22
:106750007FBDFEE738B5FDF7E3F808B1012038BD8D
:10676000FDF7C8F9FDF7B4F9FDF7A6FBFCF7B4FF98
:10677000FDF774F9204A0020AA21431C1154D8B215
:106780000428FAD3002400942346224621462046BA
:1067900000F034F80520FDF7AFF8002300941A4606
:1067A0001946184600F02AF80520FDF7A5F8002143
:1067B000084600F03BF80520FDF79EF8AA210420CA
:1067C00000F020F90520FDF797F8AA21052000F038
:1067D00019F90520FDF790F8AA21062000F012F91A
:1067E0000520FDF789F8AA21072000F00BF9052004
:1067F000FDF782F8002038BD3500002030B4029C3F
:1068000003B10223234343EA00030AB1202000E03E
:106810000020184301B140210143034801700220C8
:1068200030BC00F0EFB8000034000020014303202A
:1068300000F0E8B8044A117821F01C0101431170FE
:10684000022000F0DFB800003400002030B52DED4C
:10685000048BB0EE408B89B0B5EEC08BF1EE10FA30
:106860007ED99FED5F0BB4EEC08BF1EE10FA77DCB2
:10687000002005900190009002A8FDF7EFF99FED30
:106880005A9B9FED5B1B89EE080BB4EEC10BF1EE3A
:1068900010FA65DCBCEEC00B574D072410EE100A51
:1068A00055F82410814206D8A006000EFFF7C2FF5B
:1068B00055F8240007E0641E64B2002CF0DA0020D2
:1068C000FFF7B8FF2868009002980399B7EE002BF5
:1068D0009FED4A1B00EE100AB8EE403B00EE101A86
:1068E00083EE084BB8EE403B34EE420BB4EEC03BB7
:1068F000F1EE10FA20DBBCEEC00B8DED050A02981C
:1069000000EE100AB8EE400B20EE011B81EE090BE1
:1069100001F00AFFBCEEC00B8DED010A10EE100A6B
:106920000599884201D948080190142801D2142001
:1069300001900246002045E001204AE0481C0299EF
:10694000039A00EE100AB8EE403B00EE101A23EE58
:10695000083BB8EE405B00EE102A85EE034B00E0EA
:106960003CE0B8EE403B34EE420BB4EEC03BF1EEFF
:1069700010FA2ED3BCEEC00B8DED050A02990098DB
:1069800000EE101A401C00EE900AB8EE402BB8EE54
:10699000600B22EE011B20EE092B81EE020B01F0B1
:1069A000C3FEBCEEC00B8DED010A10EE100A059976
:1069B000884201D948080190022801D202200190A2
:1069C00002460098FDF7D6FA002009B0BDEC048B12
:1069D00030BD0090049800998842AFD20120F4E7BE
:1069E0000000000080842E410000000065CDCD41F4
:1069F0000000E0FFFFFFEF413C000020000000002E
:106A00000000694000F03F0010B541EA402040F42A
:106A100000410020FDF71EF8002010BD10B500F069
:106A20002BF8FFF797FE00F035F8BDE8104000F0B6
:106A300033B800000F4B0020F0B56426987202278F
:106A40000146A3F10A04D8724A1C01EB810512F039
:106A5000FF0104EB4502968004F815709071D07127
:106A60001072F1D000214A1C5854D1B20A29FAD32D
:106A7000F0BD0000D201002010B5FFF7DBFFFDF7ED
:106A800059F8FDF753F80149086010BD30000020A7
:106A9000FDF77CB9FDF780B9FDF702BA00F064B9E3
:106AA00003490878002801D000220A7070470000CE
:106AB000620000202DE9F041A4B004468021684620
:106AC000FAF737F800204FF0FF31002C0546CDE9EA
:106AD00020016AD084F8480035A1606480462060B7
:106AE0003548F9F773FF07005FD00A21F9F764FF13
:106AF000B8B1C01B86B27F2E00D97F2639463246F8
:106B00006846FAF73DF820AA47462AA168460DF8DC
:106B10000680F9F74FFFE8B328A1FAF75DF8C8BB84
:106B200003E0022024B0BDE8F081002020AA25A1C6
:106B3000F9F740FF70B321AA23A1F9F777FE0128E6
:106B400033D12198002830DB2060002020AA1DA12D
:106B5000F9F730FFC8B1014600E0491C0A78A2B13C
:106B6000202AFAD00A2AF8D00D2AF6D022AA17A194
:106B7000F9F75CFE012808D104EB85009DED220A9F
:106B80006D1C102D80ED010ADFD31DB110480121CD
:106B9000656400E009E084F8481009024780077046
:106BA0000548F9F7A4FF0020BCE70120BAE7000080
:106BB0006365696F3A000000DE0100206365696F5C
:106BC000000000002C000000256400002566000085
:106BD0006200002070B50E4C00216288FF2A01D3AC
:106BE000618021700A280B4B628802F101059854DC
:106BF000A8B26080195409D1012807D906A1184606
:106C0000F9F7E4FE002801D00120207070BD0000DB
:106C100062000020DE0100206365696F3A00000019
:106C200070B506462A4900EB860001EB4004304669
:106C300000F062F80028207806EB46034FF00501CB
:106C40004FF0000531D0052801D2217070BD0A280F
:106C500002D2401C207070BDA07906EB4606761C5F
:106C600020B90120A071F0B200F070F8A1880029CD
:106C7000F1D06088884208D2401C89B280B260801E
:106C80008842E8D1DB1CD8B20BE0E0790028E2D0E2
:106C9000207AE179401CC0B220728842DBD3257291
:106CA000F0B2BDE8704000F051B8052801D921705C
:106CB0000BE010B1401E207007E0A079012804D13C
:106CC0009B1CA571D8B200F041F86580257270BD9B
:106CD000C80100200749887ACA7A904201D1002071
:106CE0007047421C085CD2B28A720A2AF8D300228A
:106CF0008A727047D2010020F0B510BB124C0022FE
:106D0000FF231146D4F8004001EB410504EB850652
:106D100054F82570D6F804C03D6915EA0C0500D07A
:106D20000125367AAE4202D1521C0B46D2B2491C22
:106D300011F0FF01E8D0012A03D1834201D10120E3
:106D4000F0BD0020F0BD0000300000200549CA7AE7
:106D50008854C87A401CC0B2C8720A2801D30020E7
:106D6000C8727047D201002010B500242046FFF7FA
:106D700057FF641C14F0FF04F8D010BDFEE70000BC
:106D8000F0B5026A214B204F22F0010298420262C4
:106D9000036A4468826923F00203D1F810C0D1E984
:106DA000005643EA0C0322F0030202EA070223F032
:106DB000010342EA050243EA06030BD0144DA84240
:106DC00008D0144DA84205D0134DA84202D0134D4F
:106DD000A84212D1D1E9055623F0080724F48073A4
:106DE00047EA85048F68CD69334324F0040423F413
:106DF000007644EA870346EA450444608261C96834
:106E0000416303620020F0BD8FFFFEFF00000140E0
:106E1000000401400040014000440140004801409E
:106E2000F0B5026A224B214D22F010029842026214
:106E3000046A4268836924F02004D1F810C0D1E9C3
:106E4000006723F4407344EA0C1403EA050324F0BA
:106E5000100543EA062445EA07130BD0154DA84256
:106E600008D0154DA84205D0144DA84202D0144DAB
:106E7000A84213D1D1E9055723F0800622F480639C
:106E800046EA85128E68CD6943EA870322F0400204
:106E900023F4006742EA861347EAC5024260846130
:106EA000C968816303620020F0BD0000FF8FFFFE10
:106EB0000000014000040140004001400044014046
:106EC00000480140F0B5026A224B214F22F4807243
:106ED00098420262026A4368C46922F40072D1F8DF
:106EE00010C0D1E9005624F0030442EA0C2204EA5F
:106EF000070422F4807244EA050442EA06220BD019
:106F0000154DA84208D0154DA84205D0144DA842F1
:106F100002D0144DA84213D1D1E9055722F40062E2
:106F20008E6823F4805342EA8522CD6943EA071331
:106F300022F4806223F4005342EA862243EA451396
:106F40004360C461C968C16302620020F0BD0000F3
:106F50008FFFFEFF0000014000040140004001409F
:106F600000440140004801400148FDF7E7BF000030
:106F7000D41101202DE9F0410446C0680D462027B8
:106F8000236801284FF4004604F2C44203EB451184
:106F9000D3F840C0D1F8080B09D0DFF89CE0F445E5
:106FA0003AD1020433D500BFC1F8086B40E0234B4F
:106FB0005FEA007E04D59C453AD90004F4D437E05A
:106FC0005FEA806E02D5C1F8087B31E010F0280F2F
:106FD0002ED19C4501D90004E6D4D1F8101B05EB55
:106FE000C50004EB8000C1F31201D0F89C32A3EB82
:106FF0000101C0F8901200F51F70ADB903691BB113
:10700000C2681144C1600FE0206801210AE08006D7
:107010000AD5C1F8087B07E035B9D4F88C0218B955
:107020000021184600F0C0FF2046E9B2FDF79CFEA3
:107030000020BDE8F08100000A31544F0A30544F5F
:107040002DE9F84F0E460568814601EBC60100EBBD
:107050008104D4E913203C34904202D90120BDE8D8
:10706000F88FA168101A814200D20846C01C05EBB7
:10707000461887081BE000BFA268A0EB010A524532
:1070800000D2924699F80C100AF1030000911FFA01
:107090008AF3E16887082846F2B201F077FAE168DE
:1070A00001EB0A00E060616901EB0A006061D8F859
:1070B000180980B2B84205D3D4E90401814201D253
:1070C0000028D9D1D4E90401884208D8D5F8341869
:1070D000012006F00F0290408143C5F834180020CB
:1070E000BDE7000004490968044A01F00F01515C42
:1070F00001F01F01C8407047184402583CA6000820
:1071000005490968054A01F070010909515C01F05F
:107110001F01C840704700001C4402583CA60008EC
:1071200005490968054A01F4E061090A515C01F06A
:107130001F01C840704700001C4402583CA60008CC
:107140000D480EB50168002011F038010AD0082959
:107150000ED010290ED0182903D16846FEF76EFE16
:1071600000980EBDFFF76CF8C1080448C8400EBD7A
:1071700003480EBD03480EBD104402580090D003D2
:1071800000093D0040787D0138B54FF00050FEF712
:107190007FFC0E4C20688000FCD54FF08040FEF74D
:1071A00077FC20684000FCD54FF00040FEF770FCF3
:1071B00020680028FCDA0548001D016841F00051F4
:1071C0000160006800F00050009038BDDC440258B7
:1071D0000178407841EA002070470000F0B597B090
:1071E000F1B3254AFF2391F83050FE24157191F830
:1071F0003150157091F83250557091F833509570A8
:1072000091F83450D5706D468DF800308DF80140FE
:107210008DF802005FF00000421C01EBC00393ED0B
:10722000000B05EBC003D0B20A2883ED020BF3D3A9
:107230009DF80000FDF736F89DF80200FDF732F8E2
:107240005FF00006002405EBC6073819007AFDF749
:1072500029F8641CE4B2082CF7D3761CF6B200E0DF
:1072600008E00A2EEED39DF80100FDF71BF8002080
:1072700017B0F0BD0120FBE75C00002010B54FF017
:10728000E020006902F03CFF012803D0BDE8104077
:1072900002F010BC10BD00005A4810B5016821F082
:1072A0000F0141F004010160016801F00F010429A0
:1072B000FAD15548016821F0070141F0020101604F
:1072C00051480C30016841F4404101600168C1F34C
:1072D00040310029FAD04D48016841F48031016005
:1072E0000168C1F340410029FAD0016841F480519E
:1072F00001600168C1F340310029FAD0434A2832C5
:10730000116821F0030141F002011160111D0B68A9
:1073100043F480330B600B6843F480230B600B68ED
:1073200023F00C0343F008030B600B6823F0020307
:107330000B60116821F47C7141F0500111603349F8
:1073400030310A686FF3080242F0BF020A600A682F
:1073500022F47E4242F400720A600A6822F4FE02BD
:1073600042F480320A600A6822F0FE4242F08072E3
:107370000A60016841F0807101600168C1F34061F9
:107380000029FAD00820FEF783FF2048103001685A
:1073900021F0070141F003010160016801F03801AB
:1073A0001829FAD1194C1834206820F47060206034
:1073B0000820FEF76DFF201D016821F0700141F0EB
:1073C00040010160016821F4E06141F480610160E5
:1073D000206820F0700040F0400020600B48203012
:1073E000016821F0700141F0400101600848FEF79A
:1073F00081FF0F20FDF7C4FB002801D072B6FEE725
:1074000010BD0000002000520C48025800440258F1
:1074100000389C1C2C48F0B52C4A016841F47001DE
:107420000160106800F00F00072804D2106820F0F7
:107430000F00C01D106026490020254C10340B6839
:10744000244D43F001030B6020600B682B400B6060
:10745000136803F00F03072B04D9136823F00F03FD
:10746000DB1D13601A4C1C4A18341C4B261D371D9B
:107470002060174C1A4D28343060261D3860371DA7
:1074800023603B1D35601C1D3A60251D2E1D1860B4
:10749000331D22602860326018600A680C4B114C62
:1074A00022F4802260330A60186020686FF30F00B6
:1074B000B0F1005F03D20C490120C1F8080143F28A
:1074C000D2000A490860F0BD88ED00E000200052BB
:1074D000004402587FEDF6EA800201010002020238
:1074E0000000FF010010005C0080005100400052CD
:1074F00010B5064C206910F0010F06D0FFF7C8FA4E
:10750000034908606FF00100206110BD00080040D1
:10751000900000200148FEF7ECB900003001002087
:107520002DE9F047274B4FF0804A274D02689842DB
:10753000264E274F274C09D0504507D0A84205D0EA
:10754000B04203D0B84201D0A04205D1D1F804C066
:1075500022F070024CEA0202DFF87CC0DFF87C8087
:107560009842DFF87C900FD050450DD0A8420BD048
:10757000B04209D0B84207D0A04205D0604503D040
:10758000404501D0484503D1CD6822F440722A43DA
:107590004D6922F080022A43026098428A68C262E2
:1075A0000A68826207D0A04205D0604503D04045FA
:1075B00001D0484501D10969016301214161BDE85C
:1075C000F087000000000140000400400008004077
:1075D000000C004000040140004001400044014014
:1075E00000480140AFF300800548C169C1F3401174
:1075F000002903D0406AC0B2FFF7ECBA7047000020
:107600000010014010B5D0F8B8220024526890470D
:1076100000B10324204610BD0020704700207047B1
:1076200013460A46002110B500F0C4F9002010BD31
:1076300013460A46002110B500F05DFA002010BD87
:1076400010B58021044600F040FA2046BDE8104005
:10765000002100F03ABA10B50521C0F894120023B9
:107660001A46194600F0A6F9002010BD10B5826137
:107670000223C0F89432C26113460A46002100F08A
:107680003AFA002010BD10B50421C0F8941200236E
:107690001A46194600F02FFA002010BDF8B504462E
:1076A0000D460020ADF800004888010A062947D0A1
:1076B00006DC01290FD0022912D0032962D11DE076
:1076C000072946D00F295DD1D4F8B402C26920E061
:1076D000694690473BE0D4F8B412207C0A68F7E78B
:1076E000207C02260028D4F8B80205D0C16A68467A
:1076F00088470146467036E0816AF8E7C0B206283E
:1077000040D2DFE800F003090D111519D4F8B402D6
:107710004268B2B3207CDBE7D4F8B4028268F8E7B1
:10772000D4F8B402C268F4E7D4F8B4020269F0E70E
:10773000D4F8B4024269ECE7D4F8B4028269E8E70D
:10774000207CF0B9D4F8B802416B684688470146FE
:1077500009E0207CA8B9D4F8B802016B68468847D4
:10776000014607204870EA888AB1BDF8000040B1A0
:10777000824200D902462046ADF80020FFF776FF8E
:10778000F8BDFFE729462046FFF75AFFF8E72046F5
:10779000FFF779FFF4E701004FF0000004D0012962
:1077A00001D0022901D0032070470120704710B595
:1077B000D0F8C802FDF7F5FABDE81040FFF7EBBFBF
:1077C0002DE9F041174604464FF0000521B194F829
:1077D0009C02032842D04CE0D4F8941204F1140027
:1077E000022935D1D0E902639E4206D9F21A394600
:1077F00082602046FFF71CFF0FE0B34214D14068BF
:10780000984211D3D4F8981288420DD20022204613
:107810001146FFF70DFFC4F8985200231A46194687
:10782000204600F0C7F813E094F89C02032808D122
:10783000D4F8B802C16821B1C4F8D452C168204656
:1078400088478021204600F040F92046FFF703FFDB
:1078500094F8A00268B184F8A0520AE0D4F8B80203
:10786000426932B1C4F8D452426920469047002898
:1078700000D10020BDE8F08170B5134604464FF0FA
:10788000000221B194F89C02032830D03AE0D4F8E9
:10789000941204F5AA70032934D1D0E902518D4223
:1078A0000AD96A1A82600846824200D30246194603
:1078B0002046FFF7B5FE25E094F8AA0210F01F005D
:1078C00003D0012802D0022800D0002294F89C02A4
:1078D000032808D1D4F8B802016921B1C4F8D42230
:1078E0000169204688472046FFF7CDFE0AE0D4F81C
:1078F000B802836933B1C4F8D42282692046904724
:10790000002800D1002070BD0020704710B5D0F8CD
:10791000B812012280F89C22002429B103794A6818
:10792000D9B2904700B10324204610BDD0F8C82238
:1079300001F07F000B0600EBC00002EB800002D5D7
:1079400090F83E00704790F87E02704710B5D0F86E
:10795000D42200EB8202D2F8B82222B190F89C32F5
:10796000032B02D004E0032010BD126A02B190473D
:10797000002010BD10B5D0F8D42200EB8202D2F85E
:10798000B82222B190F89C32032B02D004E00320ED
:1079900010BD526A02B19047002010BD10B51C46C0
:1079A000D0F8C80213462246FDF729FABDE8104078
:1079B000FFF7F1BE10B5D0F8C802FDF750FABDE8E8
:1079C0001040FFF7E8BE2DE9F041044601250020F4
:1079D000D4F8B812064684F89C52C4F89402606049
:1079E000C4F8A40284F8A00231B14A6822B100218F
:1079F0002046904700B1032620460022402311462E
:107A0000FFF7CCFF4027A4F8645100223B468021B9
:107A10002046C4F86071FFF7C1FFA5843046276295
:107A2000BDE8F08190F89C12042903D190F89D12D2
:107A300080F89C120020704710B590F89C12032922
:107A400005D1D0F8B81211B1C96901B18847002039
:107A500010BD01740020704710B5D0F8C802FDF7C2
:107A600061FDBDE81040FFF796BE70B5044600F218
:107A7000AA20054600F048F894F8AA020123B4F8B9
:107A8000B01210F01F02C4F89432C4F898120AD051
:107A9000012A0ED0022A12D000F080012046BDE853
:107AA000704000F012B829462046BDE8704000F052
:107AB000A9B829462046BDE8704000F0ECB9294637
:107AC0002046BDE8704000F034B910B5D0F8C802C7
:107AD000FDF7DFF9BDE81040FFF75DBE90F89C129E
:107AE000042903D090F89C1280F89D12042180F89C
:107AF0009C120020704710B5D0F8C802FDF703FAB9
:107B0000BDE81040FFF747BE70B5054608788C1CED
:107B10002870487868702046FFF75AFBA41C6880DC
:107B20002046FFF755FBA880A01CFFF751FBE8801B
:107B300070BDD0F8B83202460020002B02D01B687E
:107B400010461847704700002DE9F0412C4E0446BE
:107B5000887800258846C1B20129317006D941468E
:107B60002046FFF76DFD0320BDE8F08194F89C02EC
:107B7000022702280CD003281DD041462046FFF7DB
:107B80005FFD31782046FFF73DFD03252846EBE7F2
:107B900089B320466160FFF7CCFF050004D0414661
:107BA0002046FFF74DFD1DE02046FFF76CFD03204A
:107BB00084F89C02EAE7C1B1606888421BD0C1B278
:107BC0002046FFF71FFD317820466160FFF7B1FFC7
:107BD000050010D041462046FFF732FD21792046AE
:107BE000FFF710FD84F89C72D0E7616084F89C7206
:107BF0002046FFF707FD2046FFF745FDC6E70000DA
:107C0000140100202DE9F0410A784FF0000512F030
:107C100060020CD0202A01D0402A7DD1D0F8D42295
:107C200000EB8202D2F8B8229268904731E04B789C
:107C3000002201260A2B6FD2DFE803F041666E585E
:107C40006E08056E2D29FFF729FD67E00446888838
:107C5000D8B9C888C8B94888802816D294F89C2218
:107C600000F07F07032A10D03946204684F89E7220
:107C7000FFF7F2FE2046FFF706FD1FB1022084F851
:107C80009C024BE084F89C6248E0204644E0FFF709
:107C90005BFF054642E0CB88012B3DD190F89C323A
:107CA000012B04D0022B02D0032B35D104E000F1CC
:107CB00008018260012216E00122011D13E090F804
:107CC0009C22012A03D0022A01D0032A24D1CA8887
:107CD000022A21D1D0F8A412C66009B10321C160E3
:107CE000022200F10C01FFF7C1FC17E04A88012ACB
:107CF00002D0022A03D00FE0C0F8A46216E08988FF
:107D0000090A80F8A01211E090F89C32012B08D0EB
:107D1000022B06D0032B04D0FFF792FC2846BDE8C7
:107D2000F08149880129F9D1C0F8A422FFF7ABFC02
:107D3000F4E72DE9F0410A780E460979054612F07C
:107D400060004FF00008CCB20BD0202801D04028B2
:107D50006AD121462846FFF75FFCFF2800D0D8B340
:107D600096E07078C8B3012824D003285CD195F838
:107D70009C02022802D0032856D10CE0002C53D0DC
:107D8000802C51D021462846FFF79FFE80212846AF
:107D9000FFF79BFE7CE0708840B93CB1802C05D099
:107DA000F08818B921462846FFF78FFE2846FFF7CE
:107DB0006AFC6DE095F89C020228DFD0032863D1AD
:107DC000708880BB600603D021462846FFF7EFFC91
:107DD0002846FFF758FCBCE700E00AE0C5F8D402EB
:107DE000D5F8B8028268F2B13146284690478046FD
:107DF0004EE095F89C020027022802D0032843D1C8
:107E000013E00CB1802C3FD1200604F07F0000EB82
:107E1000800005EB800101D5143101E001F5AA7164
:107E200002220F602CE033E02EE0200604F00F0069
:107E300000EB800005EB800009D5808C20B304F0B6
:107E40007F0000EB800005EB800614360AE0B0F8F6
:107E50006401C8B104F07F0000EB800005EB8006F0
:107E600006F5AA764CB1802C07D021462846FFF7AC
:107E70005DFD10B10120306000E037600222314624
:107E80002846FFF7F3FB03E031462846FFF7D8FB0F
:107E90004046BDE8F08170B5054608780E464FF0C3
:107EA000000410F0600003D0202801D0402827D122
:107EB00095F89C02012803D0022801D003281FD185
:107EC000B088C1B201291AD8C1B22846FFF7A6FB73
:107ED000FF280CD058B9D5F8B8128A683AB1C5F85D
:107EE000D40228468A6831469047044600E00324BD
:107EF000F088204307D12846FFF7C5FB03E0314651
:107F00002846FFF79DFB204670BD000070B54D78F8
:107F100001230A78012D1C4C02F00F0503FA05F32A
:107F2000D0F81C5817D000EB421245EA0343C0F8C2
:107F30001C38D2F8000B00040BD40B890979D2F855
:107F4000000BC3F30A03184344EA81410843C2F813
:107F5000000B002070BD9EB23543C0F81C5800EBEA
:107F60004213D3F800090004F3D40D890979D3F83A
:107F70000009C5F30A058904284341EA82510843F0
:107F80002043C3F80009E4E700800010D0F800198E
:107F90006FF30A01C0F80019D0F8041841F4807199
:107FA000C0F804180020704710B5144C036CA342AD
:107FB00003D9D0F8003B002B1EDB0023C0F8103B98
:107FC0000129D0F8101B41F40021C0F8101BD0F893
:107FD000101B41F01801C0F8101BD0F8101B41F025
:107FE000C041C0F8101B07D1C0F8142BD0F8001BFB
:107FF00041F08021C0F8001B002010BD0A30544F12
:108000000B784A78012A00EB43100BD0D0F8002BF4
:1080100022F40012C0F8002B0979032914D0022998
:1080200012D017E0D0F8002922F40012C0F800297D
:108030000979032901D002290CD1D0F8001941F0A7
:108040008051C0F8001905E0D0F8001B41F08051C4
:10805000C0F8001B002070470A784B78D1B2012B82
:1080600000EB421012D0D0F8002B002A06DB29B119
:10807000D0F8001B21F08041C0F8001BD0F8001B95
:1080800041F40011C0F8001B00207047D0F800290F
:10809000002A06DB29B1D0F8001921F08041C0F890
:1080A0000019D0F8001941F40011C0F80019EBE7ED
:1080B000F8B50B786FF060464F788A4DDCB2012F2F
:1080C00000EB43132BD0D3F8107B002C07EAC544F8
:1080D000C3F8104BD3F8104B04EA0504C3F8104B57
:1080E0007ED00D69002D7CD08C6825446D1EB5FBBB
:1080F000F4F5ADB26C430C6206EAC545D3F8104BFB
:108100002C43C3F8104BD3F8104B0D6AC5F312057E
:1081100054EA0504C3F8104B012A6ED0C9E00F6978
:1081200037B3D3F810796FF31207C3F81079D3F887
:10813000107907EA0507C3F810794CB30F698D6809
:10814000D3F810C92F447F1EB7FBF5F506EAC545E5
:1081500045EA0C05C3F810590E69D3F81059C6F357
:1081600012063543C3F810590D79012D1CD027E0B4
:10817000D3F810692E40C3F81069D3F8105945F4AC
:108180000025C3F81059D3F810596FF3120515E004
:108190000E698D68AE4200D90D61D0F8106946F4C1
:1081A0000026C0F81069D7E7D3F8105925F0C0456C
:1081B000C3F81059D3F8105945F00055C3F81059B9
:1081C000012A1BD000EB4413D3F8004944F00444C7
:1081D000C3F800490C79012C31D00A6972B301E06F
:1081E00042E055E00B78D0F83418012203F00F0379
:1081F0009A401143C0F8341871E056E0CA691AB1C8
:1082000000EB4413C3F81429097901290ED1D0F8E1
:108210000818C90500EB4411D1F8002902D442F036
:10822000005201E042F08052C1F8002900EB4410F6
:10823000D0F8001941F00441C0F800194FE0D0F81F
:108240000848E405D3F8004902D444F0005401E0A2
:1082500044F08054C3F8004900920B8A0A78C96838
:108260009BB200F093F93AE00C690CB18C680C6198
:108270008C680C62C4F31205D0F8104B2C43C0F884
:10828000104BD0F8104B44F40024C0F8104B43E7D7
:108290008D68D3F8104BC5F312052C43C3F8104B6F
:1082A000D3F8104B44F4002434E7CA680AB1C3F889
:1082B000142B097901290CD1D0F80808C005D3F88E
:1082C000000B02D440F0005001E040F08050C3F8B1
:1082D000000BD3F8000B40F00440C3F8000B002063
:1082E000F8BD0000FFFF07E038B5002242F210742D
:1082F000002300920A784D78012D00EB421219D02C
:10830000D2F8005B002D3CDAD2F8005B45F0006546
:10831000C2F8005B0A7800EB4212D2F8005B45F02D
:108320008045C2F8005B009A521C0092A24221D9FB
:10833000012326E0D2F80059002D22DAD2F80059A4
:1083400045F00065C2F800590A7800EB4212D2F8F5
:10835000005945F08045C2F80059009A521C00921D
:10836000A242E5D80A7800EB4212D2F80029002A8E
:10837000F3DB06E00A7800EB4212D2F8002B002A69
:10838000D1DB184638BD000018B50E4A0023009313
:10839000009C641C009494420CD80469002CF7DA09
:1083A0002024009344EA811101610099491C009145
:1083B000914201D9032018BD01698906F5D4002036
:1083C00018BD0000400D0300D0F8080810F00600AA
:1083D00004D0022803D0062801D00F2070470220C5
:1083E0007047406900F001007047D0F81818D0F8C5
:1083F0001C08084080B27047D0F81818D0F81C0844
:108400000840000C704710B5D0F8102801F00F0399
:1084100000EB4114D0F83418D4F80809D94001F021
:10842000010142EAC111084010BD00EB4111D1F831
:10843000081BD0F81408084070474169806908405B
:1084400070470346084630B5940802F00301002245
:1084500003F5805303E01D68521C40F8045BA24200
:10846000F9D300290CD01C680023491EDD00090443
:1084700003F10103090C24FA05F200F8012BF4D1F1
:1084800030BDD0F800284FF4FE6303EA011322F454
:10849000FE62C0F80028D0F800181943C0F8001890
:1084A00000207047022A3ED1264A274B0A449A42AE
:1084B00001D20F2138E0254A254B0A449A4201D2C5
:1084C0000E2131E0234A244B0A449A4201D20D2165
:1084D0002AE0224A224B0A449A4201D20C2123E08C
:1084E000204B214A0B44934201D20B211CE01F4B2D
:1084F0001F4A0B44934201D20A2115E01D4B1E4A2C
:108500000B4493420FD31D4B1D4A0B44934201D29F
:10851000082109E01B4B1C4A1944914201D2072152
:1085200002E0062100E00921C2684FF4705322F4F2
:108530007052C26003EA8123C1681943C160002000
:1085400070470000405327FF00350C00401E1BFF02
:1085500040420F0000DC0BFF804F1200808CF9FEC0
:1085600020D6130060B6E5FE60E3160000D3CEFE11
:1085700040771B00C05BB3FEC091210000CA91FE92
:1085800020753800E05459FEE09C410010B5029C73
:1085900074B900EB0232DB1C00209B0802F580520C
:1085A00004E000BF51F8044B1460401C9842F9D31A
:1085B000002010BDFEE703B401984100009850EA86
:1085C000C12018BF04204A0D18BF40F0010040F23E
:1085D000FF72B2EB515F08BF40F00200012808BFF4
:1085E000052002B07047002809DB410900F01F0296
:1085F0008900012001F1E0219040C1F8000170479D
:10860000090700284FEA116104DB00F1E02080F83F
:108610000014704700F00F0000F1E02080F8141DF6
:108620007047090700284FEA116104DB00F1E020E0
:1086300080F80014704700F00F0000F1E02080F88F
:10864000141D70470000000030B52DED068B81B081
:10865000B0EE409B6A4651EC190B00F0F1F9B7EE11
:10866000C98B00989FED2AAB7E30009000281BDC60
:10867000B4EE4A9BF1EE10FA16D0002140F6080045
:108680004FF0000040F60801014040F608004FF0AE
:1086900000009FED210AB4EE408AF1EE10FA04BF0B
:1086A0000220F9F723FC2AE0FF2828DB00210846F6
:1086B0004FF00000B4EEC9AB00F44005F1EE10FA43
:1086C00094BF012400240220F9F710FC9FED138AC7
:1086D0004DB1002C0CBF4FF400004FF48000A842B5
:1086E00018BF9FED0F8A042108464FF00000002CB0
:1086F00001BFB1EE480A01B0BDEC068B30BDB0EE53
:10870000480A01B0BDEC068B30BD0000000000003F
:108710000000000000000000000000000000807F5A
:10872000FFFF7F7F000000002DED020B9FED340B5B
:10873000DDE90010C0F30A529FED331BA2F2FF32B5
:10874000142A2DDA9DED002B9FED2D0B002A32EE21
:10875000000B10DAB4EEC01BF1EE10FA49D200287B
:10876000BCBF4FF00040002143DB50EA010218BFBC
:10877000274813D13DE0274BD34000EA030C5CEAC5
:10878000010C17D0B4EEC10BF1EE10FA31DD002868
:1087900003DD4FF48011D14008449843002128E0C4
:1087A000332A07DCA2F114034FF0FF3C2CFA03F349
:1087B000194203D19DED000B02B070479DED002BD7
:1087C00030EE420BB4EEC10BF1EE10FA11DD0028D1
:1087D0000EDD142A08BF401C0AD0C2F134024FF04B
:1087E000010C0CFA02F20A448A4238BF401C1146BE
:1087F0009943CDE900109DED000B02B070470000D9
:108800009C7500883CE4377E0000000000000000FA
:108810000000F03FFFFF0F009FED030B20EE000B69
:108820007047000000000000000000000000007021
:108830009FED030B20EE000B7047000000000000CE
:10884000000000000000001010B5044691ED000B80
:10885000FFF7FAFE84ED000A10BD000000000000E2
:1088600030B504462DED048B85B040F2FF7590EDD8
:10887000008B0A4618EE900A8DED008B35EA1050F9
:108880001EBF9FED239BB4EE498BF1EE10FA23D06F
:1088900051EC180B01F06EFE41EC180B18EE900A2B
:1088A0008DED008B35EA10501CD0B4EE498BF1EE03
:1088B00010FA11D10220F9F719FBFFF7B9FF10EEFA
:1088C000901A18EE900A8DED000B8DED028B61F37E
:1088D0001E0001909DED008B84ED008B05B0BDEC7A
:1088E000048B30BD0220F9F701FBFFF795FF10EE76
:1088F000901A18EE900A8DED000B8DED028B61F34E
:108900001E0001909DED008BE6E7000000000000D6
:10891000000000000000000030380A2801D20120C9
:108920007047002070476FF40041401804D00128C0
:1089300003D0022801D008147047002070476FF45C
:108940000041401800D0002070476FF400414018EB
:1089500005D0012802D0022801D000207047012054
:108960007047000070B504004FF0FF3511D020783B
:108970003A280ED10CA12046F8F72EF958B10CA1D7
:108980002046F8F729F948B10BA12046F8F724F959
:1089900038B1284670BD48F2010070BD48F20200AF
:1089A00070BD48F2030070BD3A535444494E000074
:1089B0003A5354444F5554003A535444455252008C
:1089C0006FF4004211140846704700002DE9F0478B
:1089D00014460E466FF400421114801803D001288B
:1089E00004D002281ED00846BDE8F087D4B10E4F4F
:1089F0004FF00008DFF834903D1F00BF296816F8DB
:108A0000010B08290CD24A1C7854082A2A6001D08C
:108A10000A2805D104494846FBF7C6FCC5F8008082
:108A2000641EEBD10020DFE71C01002000FE0200E5
:108A3000034600B5C0B2FBF7C1FB184600BD0000FD
:108A400082B04FF0000CCDE90001009BC2F800C0DD
:108A5000DFF864C021F00040604529DA034327D0E5
:108A6000B0F5801FA8BF13680EDA9DED000B9FEDD7
:108A7000141B6FF0350320EE010B10EE901A8DEDF4
:108A8000000B136021F00040DFF83CC06FF31E5173
:108A90000CEB20501844106041F0FF5040F00050A3
:108AA00001909DED000B00BF51EC100B02B0704720
:108AB0009DED000BF8E700000000F07F00000000D3
:108AC000000000000000504302FCFFFFFBF7CEF85F
:108AD000FDF7A4FFFAF700FCFEE70000EFF30580C6
:108AE000002802D06FF0050070470548016811B1F9
:108AF0004FF0FF30704701210160002070470000F7
:108B0000E400002010B5EFF30580002802D06FF0DC
:108B1000050010BD07480168012902D04FF0FF3061
:108B200010BD054A002111700221016000F0BAFE5B
:108B3000002010BDE40000201FED00E02DE9F04111
:108B400004460F46134EF5683068001D00F0AEFC79
:108B5000B4F1FF3F07D137B13068BDE8F041011DE6
:108B60000D4800F0F8BC2C4430684460AC4206D29A
:108B70003068011DB06BBDE8F04100F0CFBC30683B
:108B8000011D706B00F0CAFCB06A844200D2B4626E
:108B9000BDE8F08194000020D007002070B50446A5
:108BA00000F0E6FC1C4DA868401CA860286810B1C5
:108BB000686938B10CE02C60A868012808D100F081
:108BC0009FF905E02868E16AC06A884200D82C60F5
:108BD000686A401C68626064E06A2969884200D95A
:108BE000286100EB80000D4901EB8000211D00F0A1
:108BF000B2FC00F0DDFC686900280CD02868E16A4E
:108C0000C06A884207D206494FF080500860BFF31F
:108C10004F8FBFF36F8F70BD9400002020030020A2
:108C200004ED00E038B500F0A3FC0F4C2068B8B9A3
:108C30000E4800F065FC0E4800F062FC0B48E06056
:108C4000143020610B4B0020102100900A2003F10A
:108C5000500200F073FF206010B107A100F02CFD5E
:108C6000BDE8384000F0A4BCD0000020D4080020AB
:108C7000E8080020E4070020546D72510000000055
:108C800070B50D4C6068002815D00C4E00F070FCDB
:108C9000F068C568281D00F009FCA068401EA060AF
:108CA0006068401E606000F083FC284600F051F8C8
:108CB00060680028EAD170BD94000020BC07002045
:108CC0000B46026C002A0CD0C1681144C160D0F878
:108CD00008C0614501D30168C160C1681846F7F753
:108CE00087BE70472DE9F041044616460027A56B64
:108CF000226C002A10D0C6B1E068F7F779FEE1686F
:108D0000206C091AE1602268914202D2A168081A17
:108D1000E060022E16D017E02068A8B9A06801F024
:108D200069FA07460020A0600EE06068F7F760FE71
:108D3000216C606808446060A168884204D32068A0
:108D4000606001E005B16D1E681CA0633846BDE897
:108D5000F08110B5044694F8591000290BD0012970
:108D600011D0022914D0502080F31188BFF34F8F07
:108D7000BFF36F8FFEE7206B00F030FC2046BDE8AC
:108D8000104000F02BBC2046BDE8104000F026BC8F
:108D900010BD00000749CA681168002904D00021ED
:108DA000016019B1002070470121F9E7D06800681F
:108DB00070470000D00000204FF48031104810F0C0
:108DC000070F06D0C01D20F007000D49411AC1F55C
:108DD00080310C4A1060002353600144083921F0AF
:108DE0000701183A11604B600B600B1A4360016079
:108DF0004068906050604FF0004050617047000044
:108E0000B40F002000010020074E4FF08054074DA2
:108E1000FFF736FF30680128FAD92C60BFF34F8F77
:108E2000BFF36F8FF4E700002003002004ED00E0A3
:108E3000002808D0002181600160C16000231A462B
:108E4000194600F0FBBE704770B51D46049C002912
:108E500009D02260E06321640121204600F0A6FED3
:108E600084F84C5070BD2460F4E72DE9F05F824631
:108E70000E4690469B460B9F0A9D0C9CA5224FEAEE
:108E80008801206BF7F72BFE206BA8F1010100EBA6
:108E9000810020F007094FF0000866B10020221879
:108EA000315C82F83410315C11B1401C1028F6D3CB
:108EB00084F8438001E084F83480382D00D33725CE
:108EC000E562E564C4F85080201D00F024FB04F145
:108ED000180000F020FB2461C5F13800A061646235
:108EE000C4F8548084F858805A465146484600F0E9
:108EF000C7FA2060002F00D03C60BDE8F09F000062
:108F000070B500240F4D04EB840005EB800000F0E9
:108F1000F7FA641C382CF6D30B4800F0F1FA0B4832
:108F200000F0EEFA0A4800F0EBFA0A4800F0E8FA1E
:108F3000094800F0E5FA09480349416314318163A7
:108F400070BD00002003002080070020940700204F
:108F5000A8070020BC070020D007002094000020B4
:108F60004DF8044D144900E011460A688242FBD3D3
:108F70004B6803EB010C844503D1406818444860FA
:108F800008460C68D0F804C00CEB0003A3420CD1D7
:108F90000A4B1B689A4206D05268624442600A68D3
:108FA0001268026002E0036000E00260814200D0CB
:108FB00008605DF8044B704700010020E8000020C5
:108FC00010B50024416000619142DFF838C00BD831
:108FD000D11A8269914201D3012410E0011DDCF80D
:108FE000100000F09BFA0AE09A4203D2994201D3A2
:108FF000012404E0011DDCF80C0000F08FFA20468B
:1090000010BD0000D000002010B5044600F0B0FAFA
:10901000A06B20B1002400F0CBFA204610BD012443
:10902000F9E710B5044600F0A3FAA06BE16B8842A3
:1090300001D1012400E0002400F0BAFA204610BD5E
:10904000F8B505460E461748C068C068C468201DBC
:1090500000F02CFA94F8280010F0040F18D0A06942
:109060002B46324641192046FFF7AAFFA0B1002047
:109070002A46034601460090204601F0D1F958B92E
:10908000502080F31188BFF34F8FBFF36F8FFEE73F
:1090900020F0010084F82800216A01B02046BDE8D4
:1090A000F0400847D000002030B587B0414D002285
:1090B00002A9286800F0DAFE002875D0029800287E
:1090C00003DA039A0599049890470298002864DB14
:1090D000049C606910B1201D00F0E8F901A800F0BF
:1090E000B3F8024602980A2857D2DFE800F00505D7
:1090F000052F364D05052F3694F8280040F0010065
:1091000084F828000398A169034601442046FFF72C
:1091100057FF002841D0216A2046884794F828004C
:1091200010F0040F39D00020009003980023A169AB
:1091300042181946204601F073F970BB502080F3A5
:109140001188BFF34F8FBFF36F8FFEE794F82800AD
:1091500020F0010084F828001FE094F8280040F077
:10916000010084F828000398A06128B181181346F3
:109170002046FFF725FF10E0502080F31188BFF351
:109180004F8FBFF36F8FFEE794F8280010F0020FA7
:109190000CD020F0010084F828002868002202A9E1
:1091A00000F064FE002889D107B030BD204600F0F1
:1091B00015FAF2E7D0000020F8B505460C4600F09D
:1091C000B9FB684600F040F80646009810B101F07F
:1091D0008DF8F8BD44B9B54206D801F087F831469C
:1091E0002846FFF72DFFF8BD0C481CB1016909683E
:1091F00091B100240068A91B224600F071FA01F029
:1092000075F80028EFD106494FF080500860BFF391
:109210004F8FBFF36F8FF8BD0124EBE7D000002024
:1092200004ED00E00749486B0068002805D0486B52
:10923000C068C0684068886270474FF0FF3088623D
:10924000704700009400002070B5044600F066FFEF
:109250000546074EB068854204D200F00BF80120A5
:10926000206001E000202060B560284670BD00004D
:10927000D0000020F8B51C4EF0680068002826D009
:109280000027F068C0680568C468201D00F00EF96A
:10929000216A2046884794F8280010F0040F12D065
:1092A000A0692844A84206D960602461211DF068A5
:1092B00000F034F907E000232A46194620460097BB
:1092C00001F0AEF840B1F06800680028D9D1F0682C
:1092D0003169F1603061F8BD502080F31188BFF32F
:1092E0004F8FBFF36F8FFEE7D00000200A48406821
:1092F000B0F1FF3F07D0502080F31188BFF34F8FAC
:10930000BFF36F8FFEE7502080F31188BFF34F8FBC
:10931000BFF36F8FFEE700000801002082B001A8B4
:10932000FFF738FD0199FFF747FFFFF7BDFEF6E7AE
:1093300070B5044600F01CF994F94550002D0CDD81
:10934000606A50B104F1240000F094FF08B100F00D
:109350006BFA681E45B2002DF2DC4FF0FF3684F840
:10936000456000F025F900F003F994F94450002D10
:109370000CDD206950B104F1100000F07BFF08B152
:1093800000F052FA681E45B2002DF2DC84F8446009
:10939000BDE8704000F00CB92DE9F041054600260B
:1093A00000F0C8FA344F386808B9FFF705FD78694E
:1093B000054251D19DB1083515F0070F0FD005F0CA
:1093C0000700C0F10800054415F0070F07D0502032
:1093D00080F31188BFF34F8FBFF36F8FFEE7002D2F
:1093E0003AD07868854237D824490846046801E0B5
:1093F000214604466068A84202D220680028F7D1BE
:109400003868844228D0086800F10806206808609F
:109410006068411B10290FD9601910F0070F07D0A1
:10942000502080F31188BFF34F8FBFF36F8FFEE79B
:1094300041606560FFF794FD61687868401A786064
:10944000BA68904200D2B860786908436060002032
:109450002060F868401CF86000F048FF16F0070F25
:1094600007D0502080F31188BFF34F8FBFF36F8F69
:10947000FEE73046BDE8F081E80000200001002052
:10948000001F4FF080730360001F21F00101016095
:10949000001F0549016014380260001F6FF00201CF
:1094A0000160203870470000ED92000801694368B0
:1094B00082689A60836842685A604A68824201D131
:1094C00082684A60002202610868401E08600868DD
:1094D00070470000034B036003F15C0008608020CC
:1094E00010607047FC080020044B036003F15C002F
:1094F00008604FF48070106070470000580B002027
:1095000000F1080141604FF0FF328260C1600161EB
:109510000021016070470021016170474DF8044D42
:10952000D1F800C0BCF1FF3F02D000F1080202E018
:10953000026904E01A4653681C686445FAD9536806
:109540004B6099608A60516008610168491C016044
:109550005DF8044B704742684A6093688B6093687B
:109560005960916008610168491C01607047000002
:10957000502080F31188BFF34F8FBFF36F8F0A49DC
:109580004868401C486001280CD10848006810F069
:10959000FF0F07D0502080F31188BFF34F8FBFF328
:1095A0006F8FFEE7704700000801002004ED00E027
:1095B00009494868002806D0401E4860002801D1AB
:1095C00080F311887047502080F31188BFF34F8FCC
:1095D000BFF36F8FFEE700000801002070B5002880
:1095E0002AD0A0F10804154D60686969084207D1C6
:1095F000502080F31188BFF34F8FBFF36F8FFEE7CA
:1096000022683AB1502080F31188BFF34F8FBFF327
:109610006F8FFEE78843606000F08CF960686968CE
:10962000084468602046FFF79BFC2869401C2861BD
:10963000BDE8704000F05ABE70BD0000E800002098
:109640004FF0E0200021016181614FF47A720449FA
:109650000968B1FBF2F1491E4161072101617047C0
:109660001400002010B5F6F703FF114910280ED39F
:1096700000F1E02090F8F0030A78904207D25020E1
:1096800080F31188BFF34F8FBFF36F8FFEE7094858
:109690000068896800F4E060884207D9502080F3B0
:1096A0001188BFF34F8FBFF36F8FFEE710BD00002F
:1096B000080100200CED00E00022084B53F832C0F6
:1096C000BCF1000F03D0521C082AF7D3704743F8AF
:1096D000321003EBC201486070470000E002002036
:1096E00070B504460D461646FFF742FF94F9440054
:1096F000B0F1FF3F4FF0000001D184F8440094F92D
:109700004510B1F1FF3F01D184F84500FFF750FF4C
:10971000A06B28B904F124003246294600F0A4F8D1
:109720002046BDE87040FFF703BE0000024610B5BA
:109730000020002A12D00F48006B38B1502080F36F
:109740001188BFF34F8FBFF36F8FFEE700F0F2F881
:1097500000211046FFF7F2F900F0C8FD002807D1FC
:1097600005494FF080500860BFF34F8FBFF36F8FF4
:1097700010BD00009400002004ED00E070B5044628
:109780000D460023002C0BD095B1214A106BB8B1C7
:10979000502080F31188BFF34F8FBFF36F8FFEE728
:1097A000502080F31188BFF34F8FBFF36F8FFEE718
:1097B000502080F31188BFF34F8FBFF36F8FFEE708
:1097C00000F0B8F8D268D4F800C00CEB050194455D
:1097D00005D98C4508D9914206D9012304E08C456E
:1097E00001D8914200D9012321601BB1881A0021C0
:1097F000FFF7A4F900F07AFD002807D105494FF0E2
:1098000080500860BFF34F8FBFF36F8F70BD0000B3
:109810009400002004ED00E002490A6A0260C96871
:10982000416070479400002001490120C8617047E1
:109830009400002010B50C4600280BD0094A12688D
:1098400002F11801FFF76AFE2046BDE81040012131
:10985000FFF774B9502080F31188BFF34F8FBFF327
:109860006F8FFEE79400002070B50D461446002867
:109870000DD00B4909681831FFF76DFE0CB14FF0A0
:10988000FF3521462846BDE87040FFF757B9502004
:1098900080F31188BFF34F8FBFF36F8FFEE7000097
:1098A0009400002030B587B000250695059504AAE0
:1098B00005A906A8FFF70EFE069800230599029059
:1098C0001A48049A0095019116A100F0E9FB184C82
:1098D000E06208B1012000E00020012801D100F081
:1098E0006BFD01280AD0B0F1FF3F19D1502080F361
:1098F0001188BFF34F8FBFF36F8FFEE7502080F3C7
:109900001188BFF34F8FBFF36F8F4FF0FF30A0620E
:1099100001206061E56007B0BDE8304000F048B864
:1099200007B030BD49444C4500000000098E0008D6
:10993000940000200248016B491C0163704700003D
:1099400094000020184B186B002802D00120D86129
:1099500070470020D8611869144900EB800251F863
:1099600022203AB9C0B1401E00EB800251F82220FB
:10997000002AF7D000EB800201EB82014A685268AE
:109980004A6001F1080C624501D152684A60496899
:10999000C968196018617047502080F31188BFF3BF
:1099A0004F8FBFF36F8FFEE794000020200300204D
:1099B00010B582B038480168384A914207D150202A
:1099C00080F31188BFF34F8FBFF36F8FFEE70068FE
:1099D0003349884207D1502080F31188BFF34F8F5D
:1099E000BFF36F8FFEE72F4908780190FF200870C2
:1099F000087800909DF800009DF8002000F0F0002D
:109A0000904207D0502080F31188BFF34F8FBFF3EF
:109A10006F8FFEE79DF80000234C00F0500020708F
:109A20000720A0609DF8000010F0800F0BD0A06808
:109A3000401EA0609DF80000400000909DF80000CE
:109A400010F0800FF3D1A068032807D0502080F3D6
:109A50001188BFF34F8FBFF36F8FFEE74FF4407055
:109A6000A060019808701148016841F4700101601C
:109A7000016841F070410160FFF7E2FD0020606085
:109A8000F6F7BEFC0A48016841F040410160F6F774
:109A9000A3FC02B0002010BD00ED00E071C20F4138
:109AA00070C20F4100E400E00801002020ED00E05A
:109AB00034EF00E010B5502080F31188BFF34F8FD2
:109AC000BFF36F8F00F030FB18B104494FF08050A6
:109AD0000860002080F3118810BD000004ED00E054
:109AE00010B500210246012000F006F80446204689
:109AF000FFF79EF9204610BDF8B505460E461746FD
:109B0000002D13D005FB06F05030FFF745FC04464E
:109B100054B104F15002002084F846003B4631461F
:109B200028460094FFF790F92046F8BD502080F3B6
:109B30001188BFF34F8FBFF36F8FFEE738B5049DD9
:109B4000002804D05BB102B189B1C2B120E050203D
:109B500080F31188BFF34F8FBFF36F8FFEE7502064
:109B600080F31188BFF34F8FBFF36F8FFEE7502054
:109B700080F31188BFF34F8FBFF36F8FFEE739B1CA
:109B8000502080F31188BFF34F8FBFF36F8FFEE734
:109B90004FF0500CCDF800C01C46012384F846302D
:109BA0002B460094FFF750F9204638BD70B50446A7
:109BB0000D46002C25D0FFF7DBFC226CE16B206802
:109BC00001FB0200A0600020A06320686060E16BE0
:109BD000226C491E206801FB0200E0604FF0FF305C
:109BE00084F8440084F845009DB104F11000FFF7AB
:109BF00087FC04F12400FFF783FCFFF7D9FC012068
:109C000070BD502080F31188BFF34F8FBFF36F8F6B
:109C1000FEE720690028F0D004F1100000F02AFBD4
:109C20000028EAD004494FF080500860BFF34F8FFE
:109C3000BFF36F8FE1E7000004ED00E02DE9FF477F
:109C400082B004468A461F460025002C03D0BAF194
:109C5000000F08D011E0502080F31188BFF34F8F20
:109C6000BFF36F8FFEE7206C38B1502080F311886E
:109C7000BFF34F8FBFF36F8FFEE7022F0AD1E06B68
:109C8000012807D0502080F31188BFF34F8FBFF316
:109C90006F8FFEE700F034FA48B9049838B15020CD
:109CA00080F31188BFF34F8FBFF36F8FFEE7DFF8AC
:109CB000F89000264FF08058FFF75AFCA06BE16B3C
:109CC000884205D3022F03D0049808B335B329E0A6
:109CD0003A4651462046FFF705F8616A59B104F14A
:109CE000240000F0C7FA68B1C9F80080BFF34F8FB5
:109CF000BFF36F8F06E028B1C9F80080BFF34F8F24
:109D0000BFF36F8FFFF754FC06B00120BDE8F0876A
:109D1000FFF74EFC06B00020BDE8F0876846FFF76D
:109D20007BFD0125FFF744FCFFF704FEFFF720FC55
:109D300094F94400B0F1FF3F01D184F8446094F9F4
:109D40004500B0F1FF3F01D184F84560FFF730FCDA
:109D500004A9684600F02EF940B12046FFF7E8FA62
:109D600000F0C4FA06B00020BDE8F0872046FFF7F7
:109D700058F990B1049904F11000FFF75BFD2046FB
:109D8000FFF7D6FA00F0B2FA002895D1C9F80080A2
:109D9000BFF34F8FBFF36F8F8EE72046FFF7C8FAF0
:109DA00000F0A4FA88E7000004ED00E02DE9F04798
:109DB0000446894617461E46002C03D0B9F1000F11
:109DC00008D011E0502080F31188BFF34F8FBFF30C
:109DD0006F8FFEE7206C38B1502080F31188BFF3FD
:109DE0004F8FBFF36F8FFEE7022E0AD1E06B012881
:109DF00007D0502080F31188BFF34F8FBFF36F8FD0
:109E0000FEE7FFF72FFC5020EFF3118880F3118855
:109E1000BFF34F8FBFF36F8FA06BE16B884206D308
:109E2000022E04D0002088F31188BDE8F08794F951
:109E30004550A06B324649462046FEF753FFB5F128
:109E4000FF3F04D0681C84F845000120EBE7606AFE
:109E50000028FAD004F1240000F00CFA0028F4D015
:109E6000002FF2D001203860EFE700002DE9F7471E
:109E700083B004468A460025002C03D0BAF1000FB7
:109E800008D011E0502080F31188BFF34F8FBFF34B
:109E90006F8FFEE7206C38B1502080F31188BFF33C
:109EA0004F8FBFF36F8FFEE700F02AF948B905988E
:109EB00038B1502080F31188BFF34F8FBFF36F8FFD
:109EC000FEE7DFF8EC9000274FF08058FFF750FBDB
:109ED000A66BC6B151462046FEF7F2FE701EA06387
:109EE000206950B104F1100000F0C4F928B1C9F89C
:109EF0000080BFF34F8FBFF36F8FFFF759FB06B0A2
:109F00000120BDE8F087059808B135B109E0FFF7F9
:109F10004FFB06B00020BDE8F0876846FFF77CFCE9
:109F20000125FFF745FBFFF705FDFFF721FB94F93E
:109F30004400B0F1FF3F01D184F8447094F945002A
:109F4000B0F1FF3F01D184F84570FFF731FB05A95F
:109F5000684600F02FF868B12046FFF7E9F900F0F5
:109F6000C5F92046FFF750F80028AFD006B0002012
:109F7000BDE8F0872046FFF747F890B1059904F156
:109F80002400FFF757FC2046FFF7D2F900F0AEF9A6
:109F900000289BD1C9F80080BFF34F8FBFF36F8FAC
:109FA00094E72046FFF7C4F900F0A0F98EE700001F
:109FB00004ED00E070B505460C46002D15D0E4B167
:109FC000FFF7D6FADFF868C0DCF80C006B68C11A3E
:109FD0002268B2F1FF3F18D02E68DCF820C0664539
:109FE00015D0834213D801241DE0502080F311883E
:109FF000BFF34F8FBFF36F8FFEE7502080F31188C0
:10A00000BFF34F8FBFF36F8FFEE700240BE08A4250
:10A0100006D9501A20602846FFF7FEFB002402E014
:10A02000002020600124FFF7C3FA204670BD000025
:10A03000940000202DE9F04F85B081468A46904675
:10A040009B460F9F0E9E4FEA8800FFF7A5F9054635
:10A0500028000AD05C20FFF79FF904460CB1256365
:10A0600004E02846FFF7BAFA00E000249CB1002083
:10A0700084F859005B464246514601970096029487
:10A0800003904846FEF7F1FE2046FEF787FD05B037
:10A090000120BDE8F08F05B04FF0FF30BDE8F08F34
:10A0A00070B586B00646DDF828C00C9C0B980028D9
:10A0B00016D0ECB15C2504952063022084F8590089
:10A0C000002005ADCDF800C0019502940390304604
:10A0D000FEF7CBFE2046FEF761FD059806B070BD89
:10A0E000502080F31188BFF34F8FBFF36F8FFEE7CF
:10A0F000502080F31188BFF34F8FBFF36F8FFEE7BF
:10A1000005484169002903D0006B18B10020704751
:10A110000120704702207047940000200148C06869
:10A1200070470000940000202DE9F04100262F4FD9
:10A13000386B002805D0B869401CB8613046BDE8CE
:10A14000F081F868451CFD609DB9786B006838B1F6
:10A15000502080F31188BFF34F8FBFF36F8FFEE75E
:10A16000786BB96B7963B863386A401C3862FFF763
:10A1700059F8B86ADFF8788085420DD3786B0068AB
:10A1800038B1786BC068C4686068854212D2B86222
:10A1900002E04FF0FF30B8623868C06A00EB800020
:10A1A00058F82000012800D90126F8690028C5D0F8
:10A1B0000126C3E7201DFFF779F9A06A18B104F161
:10A1C0001800FFF773F9E16A3869814200D93961F3
:10A1D00001EB8100211D08EB8000FFF7BCF9E06A6C
:10A1E0003968C96A8842C9D30126C7E794000020AC
:10A1F0002003002070B504460021002833D01B4DF9
:10A200002868844207D0502080F31188BFF34F8F15
:10A21000BFF36F8FFEE7206D38B1401E2065E36C01
:10A22000E26A9A421FD040B11DE0502080F31188AD
:10A23000BFF34F8FBFF36F8FFEE7201DFFF736F997
:10A24000E06CE062C0F13800A061E06A29698842F0
:10A2500000D9286100EB8000054901EB8000211D39
:10A26000FFF779F90121084670BD00009400002035
:10A270002003002070B5C068C468002C14D004F11D
:10A280001800FFF713F9164D286BA8B1154804F113
:10A290001801FFF760F9E06A2968C96A88421CD989
:10A2A00001200121E96170BD502080F31188BFF3C6
:10A2B0004F8FBFF36F8FFEE7201DFFF7F7F8E06ABF
:10A2C0002969884200D9286100EB8000064901EB2A
:10A2D0008000211DFFF73FF9DDE7002070BD000081
:10A2E00094000020A8070020200300202DE9F0475B
:10A2F000002400272D4D286B002807D0FFF738F9E0
:10A30000286B401E2863286B40B149E0502080F341
:10A310001188BFF34F8FBFF36F8FFEE7A868002847
:10A320003ED0234E30684FF0010800B3A6F5916986
:10A33000F068C46804F11800FFF7B8F8201DFFF7B3
:10A34000B5F8E06A2969884200D9286100EB8000ED
:10A35000211D09EB8000FFF7FEF8E06A2968C96A51
:10A36000884201D3C5F81C8030680028E0D10CB1C8
:10A37000FEF758FFAC694CB1FFF7D6FE08B1C5F83F
:10A380001C80641E002CF7D10020A861E86938B158
:10A390000127084938070860BFF34F8FBFF36F8F5D
:10A3A000FFF706F93846BDE8F0870000940000206A
:10A3B000A807002004ED00E030B587B00024FEF7C8
:10A3C00031FC134D2868B0B100200690059004AA16
:10A3D00005A906A8FFF788F8059902220698002328
:10A3E000009202900D48049A01910AA1FFF758FECD
:10A3F000686000B1012414B107B0204630BD502080
:10A4000080F31188BFF34F8FBFF36F8FFEE700001B
:10A41000D0000020546D7220537663001D93000815
:10A42000F0B585B0844616461F460A9D0022BCF151
:10A43000000F14D0164C206800B300910196CDF89F
:10A4400008C006291BDAFFF75BFE02280FD00023A5
:10A4500020681A466946FFF7F1FB024615E05020D6
:10A4600080F31188BFF34F8FBFF36F8FFEE7206833
:10A4700000232A466946FFF7E1FB024605E0002378
:10A480003A466946FFF792FC024605B01046F0BD19
:10A49000D000002010B500290AD00878002807D085
:10A4A00005487844F6F798FB002801D0002010BD3D
:10A4B0000248784410BD0000160300000E0300009F
:10A4C00010B500290AD00878002807D0054878443C
:10A4D000F6F782FB002801D0002010BD0248784426
:10A4E00010BD000006030000FE02000002494FF00C
:10A4F000000000F00DB800BF0000F87F4FF0407082
:10A50000E1EE100A70474FF000007047F6F7CDBC3F
:10A510000CF00F03092B08BF082000F05F800A2B06
:10A520000BD0082B18BF704708BF1CF0400F0AD093
:10A530004FF000004FF0000170471CF0400F18BFB3
:10A540004FF0004070471CF0100F08D020F070430F
:10A5500000F07F4242EAD3014FEA4370704700F0B7
:10A56000604021F07F4242EA000201F07F4040EA71
:10A57000727070474FF0FF0C4CF4E06C1CEA115302
:10A580001CBF9CEA030C9445C2BFDA4201EB0251A6
:10A590007047002B0DD0BCF1000F0FD0002A01F046
:10A5A0000041A4BF41F0E04141F07F614FF0000065
:10A5B000704701F000414FF00000704750EA01334E
:10A5C0004FF09B0C18BF4CF0806C7FF48FAF70473E
:10A5D000F6F7E8BEF7F790BCF7F71EBE1CF4801F35
:10A5E00011D01CF4E02F03D06FEACC314900704742
:10A5F0004FF04050EFF3008222F0704242EA000236
:10A6000082F3008870474FF000007047010000009F
:10A610000200000004000000060000000800000026
:10A620000A0000000C0000001000000020000000E4
:10A630004000000080000000000100000000000059
:10A6400001020304010203040607080900000000D8
:10A65000010203040102030406070809000002586E
:10A660000100000000000000000000000404043CA1
:10A670003C0000080000000800080000080000007E
:10A6800008000000020406080A0C101410284058A4
:10A690007088A0B8102840587088A0B8000000004A
:10A6A00000040000000000000000000000000000A6
:10A6B0000100000001000101000400004018012019
:10A6C00040580120C0580120000000003A53544473
:10A6D000494E003A5354444F5554003A535444455C
:10A6E0005252000002400000000000A000000000E4
:10A6F00005400000000000C8000000000C40000001
:10A700000000409C00000000194000000020BCBE7A
:10A710000000000034400000BFC91B8E0000000490
:10A72000B5400000504BCFD06607E2CF01000000DB
:10A730006C4100003E8251AADFEEA7340100000008
:10A74000D9420000DCB5A0E23A301F97FFFFFFFFBF
:10A75000B4450000FD25A0C8E9A3C14FFFFFFFFFDE
:10A76000FF3F00000000008000000000FF3F0000ED
:10A770000000008000000000E4A8000800000020A5
:10A7800030010000D402000818A9000800000030C1
:10A7900000300000D402000818A900083001002091
:10A7A000B863010030030008000000000000F07FE3
:10A7B000FFFFFFFFFFFFEF7F1C00000043000000D2
:10A7C000F8FFFFFF0C0000000E0000000F0000006B
:10A7D0002E0000001001000043000000F8FFFFFF02
:10A7E00000404040404040404040414141414140A4
:10A7F0004040404040404040404040404040404059
:10A8000040050202020202020202020202020202E7
:10A8100002202020202020202020200202020202EC
:10A820000202909090909090101010101010101044
:10A830001010101010101010101010100202020250
:10A840000202888888888888080808080808080894
:10A850000808080808080808080808080202020290
:10A8600040000000000000000000000000000000A8
:10A8700000000000000000000000000000000000D8
:10A8800000000000000000000000000000000000C8
:10A8900000000000000000000000000000000000B8
:10A8A00000000000000000000000000000000000A8
:10A8B0000000000000000000000000000000000098
:10A8C0000000000000000000000000000000000088
:10A8D0000000000000000000000000000000000078
:10A8E0000000000081320182103C90D00304261C3D
:10A8F0004E0EFFFF2904011423D00723A00F23408D
:10A900001F33803E327D32FA1AF44E53E80302AB15
:10A91000021AAA010120000001FF01FF01FF01FF4F
:10A9200001FF01FF01FF01FF01FF01FF01FF01FF27
:10A9300001FF01FF01FF01FF01FF01FF01FF01FF17
:10A9400001FF01FF01FF01FF01FF01FF01FF01FF07
:10A9500001FF01FF01FF01FF01FF01FF01FF01FFF7
:10A9600001FF01FF01FF01FF01FF01FF01FF01FFE7
:0CA9700001FF01FF01FF01FF01300000AA
:040000050800029954
:00000001FF
